timestamp,open,high,low,close,volume,stochk_9_3,stochk_14_3,stochk_40_3,stochk_60_3,feature_1,feature_2,feature_3,feature_4,feature_5,feature_6,feature_7,feature_8,day,time,breakout,sl,entry,maxrr,rr
2025-07-09 11:15:00+05:30,1991.0,1991.3,1987.3,1989.0,3013,20.3,47.8,66.6,79.7,-0.02,0.31,0.68,-0.05,0.33,0.9,52.14745211639687,0.17,2025-07-09,11:15:00,True,1987.3,1989.0,1.4,-0.4
2025-08-18 11:25:00+05:30,1844.0,1844.0,1842.0,1843.6,1605,22.5,38.8,88.1,88.1,0.33,1.22,1.92,0.11,1.66,2.35,69.1351339155723,0.27,2025-08-18,11:25:00,True,1842.0,1843.6,1.7,0.3
2025-06-24 10:45:00+05:30,860.55,864.85,859.5,862.9,36977,30.5,59.6,83.2,81.9,0.66,1.53,2.24,0.57,1.85,2.66,67.75959664825228,0.41,2025-06-24,10:45:00,True,859.5,862.9,0.5,-0.3
2025-06-27 11:25:00+05:30,893.7,897.4,893.7,896.5,55301,24.3,44.2,84.4,84.1,0.63,1.79,2.85,0.34,2.25,3.38,68.13260783886476,0.41,2025-06-27,11:25:00,True,893.7,896.5,0.1,-0.2
2025-07-28 10:55:00+05:30,996.2,998.7,996.1,997.5,9325,23.5,35.1,79.7,79.7,0.23,0.43,0.0,0.11,0.86,0.14,57.08370501326877,0.35,2025-07-28,10:55:00,True,996.1,997.5,-1.0,-1.0
2025-06-24 11:20:00+05:30,1406.4,1407.0,1405.2,1406.8,46859,31.3,52.5,82.4,82.3,0.25,1.25,2.24,-0.09,1.7,2.74,58.6536947155747,0.37,2025-06-24,11:20:00,True,1405.2,1406.8,0.0,-0.1
2025-06-27 11:15:00+05:30,1451.1,1452.0,1449.2,1450.0,51325,23.9,44.8,80.1,82.6,0.19,0.79,1.56,0.1,0.88,1.75,59.93607326472759,0.27,2025-06-27,11:15:00,True,1449.2,1450.0,0.8,0.2
2025-06-25 11:05:00+05:30,554.0,554.0,553.5,553.85,13044,16.9,49.2,79.1,82.0,0.16,0.68,1.19,0.04,1.0,1.21,60.642431212199185,0.23,2025-06-25,11:05:00,True,553.5,553.85,1.4,-0.1
2025-08-08 11:05:00+05:30,579.65,580.7,579.25,580.15,29567,29.6,42.8,80.5,80.4,0.13,0.64,1.13,0.0,0.83,1.76,56.95192971644432,0.31,2025-08-08,11:05:00,True,579.25,580.15,0.8,-0.1
2025-08-18 11:15:00+05:30,595.45,598.0,595.45,597.1,61152,31.2,53.5,86.4,85.9,0.45,1.03,1.38,0.3,1.32,1.79,67.10457996693589,0.28,2025-08-18,11:15:00,True,595.45,597.1,1.5,1.1
2025-06-09 11:05:00+05:30,241.17,241.88,241.1,241.62,91674,22.7,30.0,83.0,84.8,0.39,1.6,3.05,-0.06,1.95,3.63,65.45501587851211,0.39,2025-06-09,11:05:00,True,241.1,241.62,0.2,0.2
2025-07-03 09:35:00+05:30,593.7,595.0,593.45,594.75,14134,24.2,24.2,83.2,82.6,0.28,1.03,1.88,0.04,1.34,2.3,64.33861673434657,0.29,2025-07-03,09:35:00,True,593.45,594.75,1.0,0.5
2025-08-18 11:00:00+05:30,598.75,600.9,598.75,599.5,40652,14.2,13.3,80.7,81.4,0.44,1.63,2.44,-0.07,2.25,3.12,68.59589953662193,0.32,2025-08-18,11:00:00,True,598.75,599.5,0.2,-0.2
2025-06-05 10:55:00+05:30,6901.0,6901.0,6887.5,6899.0,3622,30.6,35.0,85.5,87.0,0.09,0.49,0.73,-0.03,0.72,1.02,60.26336357598343,0.18,2025-06-05,10:55:00,True,6887.5,6899.0,0.0,-0.4
2025-08-13 11:15:00+05:30,7677.5,7688.0,7677.0,7688.0,10231,22.7,27.6,93.3,93.2,0.56,2.14,3.64,0.01,2.84,4.29,72.0266655835177,0.28,2025-08-13,11:15:00,True,7677.0,7688.0,0.2,0.1
2025-08-13 11:00:00+05:30,120.58,120.7,120.5,120.69,49480,41.9,78.7,87.0,82.4,0.3,0.57,0.78,0.31,0.69,0.79,66.12658948767627,0.18,2025-08-13,11:00:00,True,120.5,120.69,0.8,-0.5
2025-08-18 11:10:00+05:30,130.9,131.14,130.85,131.0,493202,8.7,32.0,86.7,87.1,0.63,2.85,4.83,-0.06,3.82,5.97,69.5614794817562,0.45,2025-08-18,11:10:00,True,130.85,131.0,4.4,2.1
2025-07-03 11:15:00+05:30,2439.8,2441.5,2438.0,2441.5,12470,18.2,17.7,66.1,81.5,-0.04,0.75,1.87,-0.26,0.64,2.5,53.536952320725085,0.23,2025-07-03,11:15:00,True,2438.0,2441.5,1.0,-0.3
2025-07-30 11:15:00+05:30,2428.2,2431.0,2426.5,2428.5,16806,26.9,26.1,81.1,83.7,0.11,0.86,1.7,-0.1,1.05,2.22,55.32882895970823,0.36,2025-07-30,11:15:00,True,2426.5,2428.5,0.2,-0.0
2025-06-05 11:10:00+05:30,1530.0,1530.7,1528.7,1529.6,4196,13.3,36.0,74.7,82.6,0.04,0.51,1.05,-0.03,0.52,1.43,57.01236146991346,0.2,2025-06-05,11:10:00,True,1528.7,1529.6,0.3,0.3
2025-07-31 10:30:00+05:30,4307.9,4327.0,4304.5,4315.4,22830,20.9,50.2,65.0,87.7,0.18,1.07,2.73,0.18,0.62,3.38,56.46528687447346,0.43,2025-07-31,10:30:00,True,4304.5,4315.4,0.7,-0.1
2025-06-09 10:50:00+05:30,1217.1,1219.8,1217.0,1219.8,141820,18.7,56.0,80.7,80.3,0.39,1.12,1.94,0.31,1.31,2.3,64.62465490166642,0.26,2025-06-09,10:50:00,True,1217.0,1219.8,0.6,0.0
2025-08-18 11:15:00+05:30,1085.8,1086.5,1085.2,1086.0,63777,16.6,47.1,83.0,83.5,0.13,0.6,1.01,-0.01,0.82,1.25,60.8891263292706,0.18,2025-08-18,11:15:00,True,1085.2,1086.0,0.5,0.2
2025-07-09 11:00:00+05:30,2520.5,2525.0,2515.0,2523.0,83884,30.5,29.5,71.8,82.2,0.05,0.5,-0.01,-0.28,0.93,0.81,52.88525979255715,0.53,2025-07-09,11:00:00,True,2515.0,2523.0,0.3,-0.3
2025-08-07 10:45:00+05:30,2393.3,2393.7,2383.0,2389.8,98735,24.4,33.5,64.2,71.7,-0.45,-0.15,0.13,-0.45,-0.39,1.01,42.49158622401411,0.45,2025-08-07,10:45:00,True,2383.0,2389.8,1.6,-0.1
2025-08-13 11:00:00+05:30,2454.8,2459.8,2452.9,2456.5,33528,35.8,64.1,87.2,85.9,0.6,1.56,2.14,0.39,2.07,2.69,66.69314006774937,0.38,2025-08-13,11:00:00,True,2452.9,2456.5,4.9,4.9
2025-05-23 10:35:00+05:30,8765.0,8793.5,8765.0,8791.0,3246,18.5,48.0,70.9,81.3,0.21,0.75,1.17,0.15,0.88,1.6,59.03528756025276,0.3,2025-05-23,10:35:00,True,8765.0,8791.0,0.5,-0.7
2025-07-03 11:05:00+05:30,8418.5,8424.0,8415.5,8423.0,392,35.3,45.4,82.2,82.9,0.16,0.34,0.3,0.12,0.56,0.35,61.72371600097512,0.16,2025-07-03,11:05:00,True,8415.5,8423.0,0.0,-0.2
2025-08-18 10:40:00+05:30,8565.0,8579.0,8560.0,8564.5,5331,25.7,25.9,84.5,84.5,0.6,1.84,2.66,0.43,2.45,3.21,68.10846874300728,0.34,2025-08-18,10:40:00,True,8560.0,8564.5,0.2,0.2
2025-08-18 11:10:00+05:30,911.0,913.2,911.0,912.55,92656,13.2,13.1,86.7,87.0,0.56,2.22,3.6,-0.13,3.08,4.37,70.02490463103602,0.35,2025-08-18,11:10:00,True,911.0,912.55,0.7,-0.2
2025-08-18 10:45:00+05:30,2007.0,2008.7,2005.2,2006.9,14692,25.3,50.5,88.9,88.6,0.64,1.87,2.82,0.48,2.42,3.26,72.34936175560036,0.32,2025-08-18,10:45:00,True,2005.2,2006.9,0.2,-0.1
2025-07-14 11:15:00+05:30,13848.0,13937.0,13835.0,13937.0,1981,44.7,43.6,85.6,81.8,0.56,0.77,0.86,0.45,0.94,0.91,67.14265326850767,0.26,2025-07-14,11:15:00,True,13835.0,13937.0,2.8,2.6
2025-08-18 11:05:00+05:30,14584.0,14675.0,14584.0,14650.0,979,35.1,48.8,87.2,83.5,0.81,1.96,2.99,0.49,2.45,3.47,66.89348243127218,0.43,2025-08-18,11:05:00,True,14584.0,14650.0,1.2,-0.1
2025-08-08 10:30:00+05:30,167.6,167.85,167.41,167.79,48148,18.2,43.8,81.6,80.8,0.27,1.01,1.44,0.11,1.48,1.84,60.71135973696443,0.33,2025-08-08,10:30:00,True,167.41,167.79,0.4,-0.4
2025-06-02 10:30:00+05:30,254.42,254.94,254.41,254.64,177451,36.3,58.2,80.0,83.8,0.52,1.49,2.53,0.54,1.67,3.03,65.3012667064108,0.35,2025-06-02,10:30:00,True,254.41,254.64,1.3,-0.1
2025-06-24 10:35:00+05:30,239.41,239.7,239.4,239.4,43060,31.4,54.8,82.2,80.6,0.49,1.12,1.6,0.54,1.36,1.87,67.471698709041,0.29,2025-06-24,10:35:00,True,239.4,239.4,1.8,0.2
2025-06-30 11:05:00+05:30,247.35,248.0,247.24,247.8,220930,27.3,46.3,81.5,81.2,0.39,1.06,1.73,0.19,1.43,1.7,63.79171494817364,0.32,2025-06-30,11:05:00,True,247.24,247.8,1.8,1.3
2025-07-25 10:20:00+05:30,246.88,247.39,246.65,247.32,182385,25.8,39.9,81.1,81.5,0.12,0.77,1.39,-0.01,1.04,1.72,57.97182431465127,0.33,2025-07-25,10:20:00,True,246.65,247.32,0.1,-0.2
2025-06-09 11:00:00+05:30,128.99,129.44,128.97,129.29,264789,34.1,61.2,86.8,86.0,0.73,1.81,2.58,0.5,2.35,3.02,74.79057352436821,0.35,2025-06-09,11:00:00,True,128.97,129.29,1.2,-0.3
2025-06-24 11:20:00+05:30,54.8,54.86,54.74,54.8,198762,25.0,19.1,83.1,83.1,0.11,0.76,1.28,-0.11,1.06,1.73,57.57738758428858,0.27,2025-06-24,11:20:00,True,54.74,54.8,2.4,0.1
2025-05-30 11:25:00+05:30,2074.1,2077.0,2070.0,2074.0,62899,23.9,31.4,88.4,88.5,0.35,2.22,3.93,-0.19,3.03,4.89,60.75520832428509,0.57,2025-05-30,11:25:00,True,2070.0,2074.0,-1.0,-1.0
2025-06-27 10:50:00+05:30,414.5,414.5,413.8,414.05,159201,22.3,39.1,83.1,83.5,0.04,0.47,0.7,-0.03,0.67,1.01,56.02823386348002,0.19,2025-06-27,10:50:00,True,413.8,414.05,0.8,0.3
2025-06-27 11:05:00+05:30,267.2,267.5,267.1,267.35,63650,36.4,63.7,81.5,82.0,0.22,0.66,1.14,0.11,0.86,1.31,61.03676755841084,0.24,2025-06-27,11:05:00,True,267.1,267.35,1.3,-0.4
2025-06-25 11:20:00+05:30,1956.7,1957.9,1956.4,1957.6,41035,29.9,52.5,83.2,80.5,0.2,0.44,0.6,0.13,0.7,0.49,60.303890421692344,0.16,2025-06-25,11:20:00,True,1956.4,1957.6,2.4,1.7
2025-05-26 11:20:00+05:30,1706.1,1708.4,1703.7,1706.3,576,13.2,17.5,80.0,79.8,0.03,0.28,0.35,-0.11,0.57,0.3,53.43056754629266,0.3,2025-05-26,11:20:00,True,1703.7,1706.3,0.3,0.1
2025-05-30 11:25:00+05:30,1840.7,1841.4,1835.2,1838.2,6918,13.6,15.6,83.7,83.7,-0.09,0.95,1.95,-0.49,1.43,2.75,53.394777712207684,0.36,2025-05-30,11:25:00,True,1835.2,1838.2,0.3,0.1
2025-06-17 11:05:00+05:30,32310.0,32365.0,32310.0,32345.0,49,32.2,32.2,76.8,87.7,0.05,0.28,0.75,0.03,0.16,0.86,53.75281374147061,0.16,2025-06-17,11:05:00,True,32310.0,32345.0,0.1,-0.5
2025-06-27 10:25:00+05:30,32370.0,32380.0,32335.0,32355.0,212,21.2,49.8,79.0,81.9,0.18,0.74,1.21,0.06,0.96,1.53,57.37484579528198,0.27,2025-06-27,10:25:00,True,32335.0,32355.0,1.0,0.4
2025-07-28 11:20:00+05:30,5647.0,5669.0,5647.0,5658.0,7355,46.6,57.5,85.0,81.2,0.28,0.45,0.4,0.24,0.6,0.56,63.60406765068721,0.22,2025-07-28,11:20:00,True,5647.0,5658.0,0.1,-0.3
2025-08-05 10:30:00+05:30,669.95,671.85,669.95,671.7,36849,32.5,63.1,75.7,80.9,0.45,1.04,1.49,0.43,1.13,1.95,66.3509025020578,0.32,2025-08-05,10:30:00,True,669.95,671.7,2.6,2.6
2025-08-18 11:15:00+05:30,1524.0,1526.0,1523.5,1525.0,5103,31.7,23.5,87.1,87.0,0.42,1.59,2.51,-0.01,2.19,3.06,69.09197561194492,0.31,2025-08-18,11:15:00,True,1523.5,1525.0,0.4,-0.5
2025-07-28 11:10:00+05:30,1563.7,1565.0,1560.2,1563.0,25878,25.2,66.9,75.0,84.0,0.49,1.46,2.58,0.64,1.3,3.15,62.812506203951585,0.43,2025-07-28,11:10:00,True,1560.2,1563.0,0.1,-0.2
2025-08-25 11:00:00+05:30,378.35,378.7,378.3,378.5,16232,25.5,61.1,83.8,82.6,0.2,0.45,0.43,0.17,0.63,0.68,68.8302282796716,0.14,2025-08-25,11:00:00,True,378.3,378.5,2.3,1.4
2025-05-23 11:15:00+05:30,1685.3,1686.6,1683.0,1686.4,24720,30.5,26.2,85.0,85.3,0.23,0.89,1.36,-0.0,1.23,1.66,65.92855583444775,0.26,2025-05-23,11:15:00,True,1683.0,1686.4,0.2,-0.6
2025-05-26 11:20:00+05:30,587.36,587.88,586.4,587.0,36666,35.7,60.3,87.5,89.5,0.31,0.89,1.14,0.18,1.22,1.76,64.04526946919509,0.29,2025-05-26,11:20:00,True,586.4,587.0,0.1,-0.4
2025-06-24 10:50:00+05:30,3322.3,3327.0,3318.0,3326.2,5551,33.5,57.9,80.7,80.1,0.52,1.16,1.56,0.45,1.46,2.0,63.95891083283977,0.37,2025-06-24,10:50:00,True,3318.0,3326.2,0.8,-0.2
2025-08-08 10:55:00+05:30,3786.2,3794.0,3785.0,3792.4,22463,29.7,45.3,80.8,80.9,0.7,2.06,3.14,0.5,2.73,3.72,65.91829719329559,0.53,2025-08-08,10:55:00,True,3785.0,3792.4,7.2,1.7
2025-06-09 09:20:00+05:30,878.85,880.95,876.55,880.55,121663,29.9,31.9,55.9,85.0,0.22,0.88,2.35,0.17,0.43,2.64,58.217115791275354,0.33,2025-06-09,09:20:00,True,876.55,880.55,0.5,-0.7
2025-07-30 10:50:00+05:30,6704.5,6715.0,6703.0,6714.5,1460,31.0,35.6,77.8,80.6,0.17,0.51,0.92,0.11,0.44,1.35,59.2533428733999,0.2,2025-07-30,10:50:00,True,6703.0,6714.5,0.4,-0.6
2025-07-21 11:10:00+05:30,16176.0,16200.0,16170.0,16184.0,1943,27.5,27.5,81.2,81.2,0.09,0.34,0.46,-0.06,0.52,0.58,54.94249383979494,0.26,2025-07-21,11:10:00,True,16170.0,16184.0,2.9,2.2
2025-08-14 10:15:00+05:30,16036.0,16040.0,16020.0,16040.0,494,34.1,49.9,52.2,81.2,0.17,0.31,0.41,0.2,0.36,0.56,57.03344034552263,0.23,2025-08-14,10:15:00,True,16020.0,16040.0,3.4,3.4
2025-08-18 11:15:00+05:30,16783.0,16810.0,16781.0,16795.0,3325,22.4,34.5,84.0,84.7,0.32,1.4,2.51,-0.05,1.82,3.04,72.53221224992511,0.21,2025-08-18,11:15:00,True,16781.0,16795.0,-1.0,-1.0
2025-08-13 11:05:00+05:30,5730.0,5736.5,5730.0,5731.0,2512,30.6,60.9,80.6,80.4,0.18,0.54,0.76,0.18,0.71,0.92,61.91595873546684,0.2,2025-08-13,11:05:00,True,5730.0,5731.0,2.1,-0.1
2025-05-23 10:30:00+05:30,3533.7,3534.6,3531.2,3533.8,139,18.3,47.3,71.6,80.2,0.12,0.65,0.89,0.06,0.89,1.3,56.381340063550944,0.26,2025-05-23,10:30:00,True,3531.2,3533.8,6.2,1.2
2025-07-10 11:10:00+05:30,215.56,216.08,215.5,215.99,100608,28.0,35.8,82.5,84.3,0.16,1.04,2.33,-0.08,1.17,2.73,56.989573904581306,0.34,2025-07-10,11:10:00,True,215.5,215.99,0.5,-0.4
2025-07-03 10:55:00+05:30,192.57,192.85,192.25,192.77,437166,20.9,24.9,81.2,81.4,0.1,0.51,0.88,-0.06,0.73,1.01,56.125498288904424,0.24,2025-07-03,10:55:00,True,192.25,192.77,0.5,0.2
2025-08-12 11:10:00+05:30,173.85,174.14,173.84,174.07,44673,24.0,30.0,74.9,83.3,0.14,0.49,0.91,0.08,0.54,1.1,60.2408447052655,0.19,2025-08-12,11:10:00,True,173.84,174.07,2.0,0.4
2025-06-13 11:15:00+05:30,1646.8,1651.0,1645.8,1650.4,14706,32.5,64.4,88.6,88.6,0.16,0.31,0.46,0.2,0.45,0.27,55.52538773980046,0.3,2025-06-13,11:15:00,True,1645.8,1650.4,2.4,2.3
2025-06-30 11:15:00+05:30,1735.7,1739.4,1735.0,1739.4,8368,35.1,58.2,84.3,83.7,0.3,0.63,0.79,0.26,0.87,0.9,63.330478621851256,0.24,2025-06-30,11:15:00,True,1735.0,1739.4,2.4,2.2
2025-06-10 11:15:00+05:30,2716.6,2717.0,2709.9,2713.2,43025,28.9,25.9,80.3,81.2,0.29,1.48,2.64,-0.11,2.0,3.1,62.793986716033395,0.39,2025-06-10,11:15:00,True,2709.9,2713.2,0.1,-0.2
2025-08-18 11:00:00+05:30,2841.1,2848.4,2841.1,2843.1,4482,21.1,30.8,88.9,88.9,0.43,1.39,2.19,0.13,1.84,2.61,74.47762009304397,0.27,2025-08-18,11:00:00,True,2841.1,2843.1,2.9,0.8
2025-07-18 10:45:00+05:30,5562.5,5570.5,5557.0,5564.0,21399,22.8,16.5,79.0,79.6,0.01,0.93,1.98,-0.28,1.27,2.35,54.482335533372414,0.42,2025-07-18,10:45:00,True,5557.0,5564.0,0.1,0.1
2025-06-25 11:20:00+05:30,1977.0,1977.0,1976.1,1977.0,49954,23.3,34.1,80.8,82.0,0.03,0.23,0.44,-0.03,0.4,0.36,55.38051649748585,0.14,2025-06-25,11:20:00,True,1976.1,1977.0,1.0,1.0
2025-06-26 11:10:00+05:30,1994.9,1995.6,1993.2,1995.4,85916,30.0,47.8,80.1,81.4,0.1,0.37,0.67,0.03,0.46,0.71,58.89223540990811,0.15,2025-06-26,11:10:00,True,1993.2,1995.4,4.8,4.8
2025-07-03 11:05:00+05:30,705.15,706.25,705.0,705.6,41768,21.2,39.5,79.6,83.0,0.11,0.56,0.98,-0.02,0.73,1.2,58.698889040537914,0.21,2025-07-03,11:05:00,True,705.0,705.6,0.1,0.1
2025-08-18 11:20:00+05:30,710.65,710.95,710.1,710.15,27949,16.4,16.3,88.4,88.5,0.1,0.8,1.44,-0.16,1.12,1.87,59.996858290260946,0.22,2025-08-18,11:20:00,True,710.1,710.15,6.0,3.6
2025-06-17 09:20:00+05:30,5111.3,5120.0,5066.5,5079.5,68297,35.1,35.1,72.3,74.0,0.24,0.43,0.63,0.24,0.47,0.79,56.25042550714538,0.26,2025-06-17,09:20:00,True,5066.5,5079.5,2.3,-0.0
2025-08-13 11:05:00+05:30,4509.1,4510.0,4506.3,4509.6,5721,35.5,35.2,86.2,85.3,0.24,1.07,1.59,-0.04,1.47,2.43,58.81461279824953,0.34,2025-08-13,11:05:00,True,4506.3,4509.6,0.8,-0.1
2025-08-18 10:40:00+05:30,2566.3,2570.0,2566.3,2567.5,11790,29.2,38.1,82.0,81.9,0.62,1.52,2.08,0.53,2.04,2.34,65.53259593574066,0.36,2025-08-18,10:40:00,True,2566.3,2567.5,4.7,1.0
2025-06-09 11:25:00+05:30,518.9,519.0,518.25,518.8,40689,19.9,36.0,82.1,81.7,0.2,1.09,2.52,0.03,1.3,2.24,59.14779595689065,0.34,2025-06-09,11:25:00,True,518.25,518.8,8.8,4.4
2025-07-09 10:50:00+05:30,230.62,231.0,230.5,230.68,30149,23.4,22.7,64.5,80.8,0.03,0.48,0.81,-0.14,0.52,1.25,54.10859541111263,0.27,2025-07-09,10:50:00,True,230.5,230.68,2.0,0.3
2025-06-25 10:55:00+05:30,2125.9,2129.0,2124.2,2127.9,10389,17.9,42.2,84.7,84.2,0.54,1.81,3.12,0.21,2.33,3.63,63.004973794172784,0.44,2025-06-25,10:55:00,True,2124.2,2127.9,1.9,0.4
2025-08-18 10:25:00+05:30,1445.7,1445.7,1443.9,1444.2,29572,8.3,50.1,76.4,77.7,0.06,0.5,0.84,0.1,0.68,1.01,57.659381815370665,0.16,2025-08-18,10:25:00,True,1443.9,1444.2,0.6,-0.2
2025-08-21 11:05:00+05:30,1443.6,1444.9,1443.1,1444.2,43093,30.4,58.5,86.3,86.7,0.16,0.43,0.61,0.11,0.56,0.8,65.42988473754576,0.14,2025-08-21,11:05:00,True,1443.1,1444.2,0.2,-0.6
2025-06-09 09:50:00+05:30,2004.3,2006.8,2001.7,2005.4,12576,21.6,39.2,81.5,83.6,0.32,1.43,2.84,0.2,1.57,3.55,64.49468565898695,0.36,2025-06-09,09:50:00,True,2001.7,2005.4,1.8,1.6
2025-06-13 11:25:00+05:30,1931.3,1931.3,1926.4,1926.9,6317,23.5,40.2,83.3,83.3,0.06,0.38,0.22,0.0,0.7,0.49,53.786247102476565,0.32,2025-06-13,11:25:00,True,1926.4,1926.9,-1.0,-1.0
2025-06-09 10:30:00+05:30,72.66,72.69,72.5,72.51,454071,26.4,46.8,74.9,82.1,0.04,0.92,2.41,0.02,0.75,2.92,54.41092100129653,0.34,2025-06-09,10:30:00,True,72.5,72.51,1.9,0.3
2025-07-03 10:00:00+05:30,77.17,77.24,77.04,77.14,591389,28.4,28.4,87.5,87.5,0.1,1.34,2.83,-0.1,1.66,3.65,58.01437725904607,0.31,2025-07-03,10:00:00,True,77.04,77.14,2.6,2.0
2025-07-14 10:55:00+05:30,75.99,76.02,75.93,75.99,122085,29.2,45.1,82.0,82.0,0.03,0.34,0.25,0.02,0.57,0.63,54.76823405672839,0.21,2025-07-14,10:55:00,True,75.93,75.99,0.5,0.3
2025-07-17 09:20:00+05:30,425.2,425.25,424.2,424.75,94132,29.2,29.0,69.5,81.3,0.03,0.16,0.37,-0.01,0.15,0.42,54.00978594379873,0.12,2025-07-17,09:20:00,True,424.2,424.75,0.1,-0.6
2025-08-05 09:20:00+05:30,640.0,640.8,639.0,640.2,17886,38.3,63.7,87.7,93.1,0.35,0.74,1.29,0.31,0.73,1.5,73.02297458135689,0.18,2025-08-05,09:20:00,True,639.0,640.2,1.7,-0.5
2025-08-18 10:55:00+05:30,780.5,780.8,780.5,780.8,14563,22.6,27.7,78.6,80.8,0.08,0.45,0.92,-0.03,0.51,1.03,56.533565421308566,0.2,2025-08-18,10:55:00,True,780.5,780.8,2.4,0.2
2025-06-09 10:50:00+05:30,142.2,142.34,142.18,142.28,55927,32.1,72.0,81.3,82.0,0.26,0.63,0.92,0.25,0.77,1.07,63.309806658998106,0.2,2025-06-09,10:50:00,True,142.18,142.28,3.1,3.0
2025-06-17 09:20:00+05:30,142.6,142.75,142.34,142.53,376700,38.6,45.8,81.3,83.5,0.5,0.86,0.99,0.43,1.05,1.34,67.34053268264125,0.25,2025-06-17,09:20:00,True,142.34,142.53,2.0,-0.1
2025-06-24 10:15:00+05:30,143.98,144.25,143.93,143.99,327066,29.3,76.3,79.5,81.8,0.85,1.97,2.79,1.06,2.34,3.33,75.50047187563175,0.32,2025-06-24,10:15:00,True,143.93,143.99,0.2,0.2
2025-06-27 11:05:00+05:30,146.83,147.9,146.79,147.79,2386902,40.5,66.9,78.7,82.9,0.74,1.19,1.8,0.75,1.2,1.99,69.92392755886993,0.26,2025-06-27,11:05:00,True,146.79,147.79,0.4,-0.3
2025-07-07 11:05:00+05:30,153.8,154.0,153.75,153.91,190119,19.4,36.1,80.9,80.8,0.31,1.11,1.96,0.13,1.37,2.37,64.82191162143315,0.25,2025-07-07,11:05:00,True,153.75,153.91,0.3,-0.4
2025-06-24 11:15:00+05:30,766.15,767.25,766.05,767.2,5508,28.2,33.8,79.5,80.5,0.1,0.49,0.87,-0.0,0.65,1.08,57.20529485116591,0.19,2025-06-24,11:15:00,True,766.05,767.2,0.7,-0.1
2025-07-07 11:10:00+05:30,784.35,784.95,784.0,784.05,5552,24.5,30.3,80.7,82.4,0.02,0.26,0.43,-0.03,0.34,0.55,55.08109795389615,0.14,2025-07-07,11:10:00,True,784.0,784.05,0.3,0.3
2025-07-28 11:20:00+05:30,133.69,134.4,133.65,134.02,197227,33.2,35.8,81.9,81.0,0.27,0.51,0.4,0.18,0.74,0.7,57.942353360549156,0.35,2025-07-28,11:20:00,True,133.65,134.02,0.1,-0.4
2025-05-26 09:20:00+05:30,173.24,173.74,173.02,173.15,297431,44.6,52.6,72.9,80.5,0.64,0.9,1.14,0.65,0.93,1.38,68.42115218790464,0.28,2025-05-26,09:20:00,True,173.02,173.15,-1.0,-1.0
2025-08-18 11:05:00+05:30,147.0,147.4,146.95,147.33,89407,34.2,68.6,85.7,84.5,0.61,1.31,1.75,0.56,1.69,2.06,69.54048344680375,0.26,2025-08-18,11:05:00,True,146.95,147.33,0.2,-0.6
2025-06-18 10:50:00+05:30,843.6,843.9,839.25,840.35,526871,9.2,25.8,76.2,76.2,-0.14,1.16,1.93,-0.53,1.94,2.53,53.386025166807705,0.44,2025-06-18,10:50:00,True,839.25,840.35,0.6,0.5
2025-07-15 09:30:00+05:30,1392.6,1394.8,1386.5,1392.9,23547,30.9,30.4,78.3,80.4,-0.05,0.42,0.58,-0.23,0.75,1.11,51.81385306458734,0.34,2025-07-15,09:30:00,True,1386.5,1392.9,-0.0,-0.3
2025-07-22 11:25:00+05:30,1449.0,1450.2,1448.5,1449.9,19428,27.9,27.9,78.3,80.0,0.01,1.13,2.42,-0.37,1.47,3.08,56.253607924498134,0.37,2025-07-22,11:25:00,True,1448.5,1449.9,-1.0,-1.0
2025-08-25 10:30:00+05:30,1520.2,1525.7,1519.5,1524.7,68790,33.9,73.5,84.9,83.0,0.6,1.22,1.59,0.69,1.55,1.77,68.36184260257144,0.28,2025-08-25,10:30:00,True,1519.5,1524.7,1.7,0.9
2025-06-24 11:20:00+05:30,5639.5,5647.0,5638.5,5638.5,13826,8.5,7.6,75.8,78.9,0.04,1.08,2.33,-0.31,1.33,2.97,57.104110984558886,0.24,2025-06-24,11:20:00,True,5638.5,5638.5,0.0,0.0
2025-07-03 10:15:00+05:30,1057.7,1058.1,1057.2,1057.7,5369,25.8,21.1,81.0,82.0,-0.06,0.68,1.52,-0.21,0.8,2.16,52.4386457831782,0.26,2025-07-03,10:15:00,True,1057.2,1057.7,1.5,0.5
2025-08-18 10:55:00+05:30,1068.3,1069.9,1067.5,1069.7,17446,15.4,17.6,85.6,85.6,0.29,0.96,1.36,-0.0,1.38,1.69,64.12243858076333,0.24,2025-08-18,10:55:00,True,1067.5,1069.7,0.5,-0.6
2025-05-23 10:35:00+05:30,276.6,277.25,276.45,277.0,76894,30.9,57.6,85.0,83.4,0.26,0.51,0.64,0.23,0.69,0.6,62.7821068888517,0.27,2025-05-23,10:35:00,True,276.45,277.0,6.0,4.4
2025-06-09 10:35:00+05:30,300.7,300.75,300.15,300.3,212919,21.2,61.6,85.8,85.8,0.31,0.93,1.53,0.34,1.15,1.65,65.62341780660348,0.26,2025-06-09,10:35:00,True,300.15,300.3,0.5,-0.1
2025-06-24 10:50:00+05:30,300.35,301.7,300.25,301.6,335562,38.6,52.7,87.7,85.7,0.6,1.36,2.08,0.4,1.62,2.37,68.49152783593047,0.3,2025-06-24,10:50:00,True,300.25,301.6,1.4,-0.4
2025-06-26 10:45:00+05:30,310.1,310.55,310.05,310.5,371168,26.1,45.4,82.3,82.6,0.29,1.04,1.72,0.2,1.36,1.9,60.93171890161741,0.29,2025-06-26,10:45:00,True,310.05,310.5,0.1,-0.5
2025-07-31 10:30:00+05:30,329.7,330.3,329.1,329.4,592995,32.9,75.0,83.0,80.6,0.63,1.37,2.02,0.77,1.73,1.99,65.59822292976033,0.44,2025-07-31,10:30:00,True,329.1,329.4,0.6,-0.4
2025-06-25 11:25:00+05:30,710.5,716.55,710.5,716.0,116213,32.2,60.2,84.1,81.6,0.72,1.32,1.86,0.62,1.64,2.0,66.92164627037246,0.34,2025-06-25,11:25:00,True,710.5,716.0,0.3,-0.4
2025-06-19 11:10:00+05:30,2148.0,2152.0,2147.5,2152.0,39147,38.0,46.8,83.7,82.3,0.24,0.56,0.8,0.15,0.67,1.08,66.52518779236128,0.16,2025-06-19,11:10:00,True,2147.5,2152.0,0.2,-0.6
2025-07-08 10:55:00+05:30,2224.1,2226.7,2222.3,2224.0,72656,11.6,18.7,83.6,84.8,0.33,1.5,2.49,-0.21,2.0,3.03,67.79996883798292,0.28,2025-07-08,10:55:00,True,2222.3,2224.0,-1.0,-1.0
2025-08-04 11:00:00+05:30,583.55,585.3,583.3,584.95,12744,29.9,48.8,84.2,84.2,0.27,0.59,0.54,0.05,0.93,0.75,57.4035708654622,0.43,2025-08-04,11:00:00,True,583.3,584.95,3.5,2.4
2025-06-09 11:15:00+05:30,5257.5,5270.0,5256.5,5268.5,952,42.1,52.5,86.0,85.7,0.26,0.64,1.04,0.16,0.78,1.21,64.3911893023592,0.19,2025-06-09,11:15:00,True,5256.5,5268.5,0.8,-0.2
2025-08-20 11:10:00+05:30,1273.2,1273.7,1272.1,1273.4,4077,27.0,26.1,78.9,79.8,0.09,0.65,1.18,-0.09,0.89,1.56,57.43843918241824,0.24,2025-08-20,11:10:00,True,1272.1,1273.4,0.9,0.9
2025-07-23 10:50:00+05:30,1915.7,1916.0,1914.3,1915.7,2849,33.3,37.8,65.5,81.3,0.08,0.25,0.27,0.04,0.21,0.63,54.84052341980148,0.2,2025-07-23,10:50:00,True,1914.3,1915.7,0.2,0.2
2025-06-19 11:20:00+05:30,138370.0,138450.0,138370.0,138400.0,24,33.1,50.7,81.0,80.8,0.12,0.33,0.6,0.1,0.37,0.68,58.9966659170805,0.13,2025-06-19,11:20:00,True,138370.0,138400.0,0.3,-0.3
2025-07-24 11:20:00+05:30,151580.0,151580.0,151345.0,151470.0,87,19.9,16.8,82.3,82.3,0.01,0.48,0.92,-0.17,0.68,1.15,54.96365043937115,0.18,2025-07-24,11:20:00,True,151345.0,151470.0,0.1,0.1
2025-08-19 10:55:00+05:30,146535.0,147450.0,146535.0,147300.0,493,33.4,43.5,87.7,85.3,0.63,1.21,2.14,0.49,1.18,2.31,67.90199553735151,0.29,2025-08-19,10:55:00,True,146535.0,147300.0,1.4,-0.7
2025-08-01 11:05:00+05:30,260.05,260.3,259.95,260.05,19930,6.6,43.2,85.9,85.7,0.11,0.39,0.79,-0.02,0.42,1.0,56.59417800893463,0.24,2025-08-01,11:05:00,True,259.95,260.05,0.2,-0.2
2025-08-18 10:35:00+05:30,265.1,266.15,265.05,265.5,112735,23.0,62.4,83.1,82.6,0.77,1.84,2.4,0.83,2.46,2.77,70.72048661479865,0.41,2025-08-18,10:35:00,True,265.05,265.5,1.3,-0.5
2025-07-09 11:05:00+05:30,3175.9,3179.0,3175.7,3178.7,5724,28.3,34.6,81.4,82.6,0.15,0.48,0.68,0.09,0.64,0.96,62.30971258346732,0.16,2025-07-09,11:05:00,True,3175.7,3178.7,1.1,0.4
2025-07-14 11:25:00+05:30,2640.0,2641.5,2639.8,2639.9,10469,29.7,39.6,89.1,88.9,0.22,0.77,1.4,0.1,1.06,0.98,58.83248959019819,0.33,2025-07-14,11:25:00,True,2639.8,2639.9,10.8,8.9
2025-07-28 10:55:00+05:30,1549.9,1550.9,1549.0,1549.2,1721,27.9,51.4,80.6,81.3,0.2,0.69,0.98,0.15,0.89,1.3,59.46042565007119,0.26,2025-07-28,10:55:00,True,1549.0,1549.2,-1.0,-1.0
2025-06-30 11:00:00+05:30,869.2,870.0,869.05,869.5,4535,18.2,30.2,80.8,80.3,0.16,0.32,0.37,0.02,0.53,0.18,56.647789411998566,0.33,2025-06-30,11:00:00,True,869.05,869.5,3.9,1.0
2025-06-09 11:15:00+05:30,2601.8,2602.0,2600.0,2602.0,1402,27.7,52.5,87.2,87.9,0.25,0.9,1.53,0.09,1.2,1.73,63.29145806108663,0.24,2025-06-09,11:15:00,True,2600.0,2602.0,0.8,0.5
2025-07-28 10:50:00+05:30,2690.0,2704.9,2682.8,2701.6,48283,27.4,29.5,81.8,81.7,0.38,1.07,1.26,0.1,1.61,1.4,61.256466986528146,0.45,2025-07-28,10:50:00,True,2682.8,2701.6,2.0,0.3
2025-06-09 10:20:00+05:30,2506.0,2509.7,2504.9,2506.0,10944,34.6,71.3,74.0,85.5,0.65,1.98,3.81,0.78,1.72,4.6,62.59984784940753,0.53,2025-06-09,10:20:00,True,2504.9,2506.0,6.9,5.7
2025-06-13 11:15:00+05:30,2563.1,2563.8,2556.2,2559.7,7447,19.2,42.5,79.2,79.2,-0.24,-0.23,-0.18,-0.22,-0.17,-0.4,44.44098252423643,0.31,2025-06-13,11:15:00,True,2556.2,2559.7,5.4,4.4
2025-08-14 11:00:00+05:30,2761.8,2767.9,2759.0,2761.9,84661,25.9,24.2,88.2,87.8,0.96,3.7,5.61,-0.24,5.26,7.01,70.13940358237032,0.6,2025-08-14,11:00:00,True,2759.0,2761.9,-1.0,-1.0
2025-05-28 11:25:00+05:30,116.22,116.29,115.87,116.21,310472,27.7,38.6,81.3,81.4,0.1,0.92,1.74,-0.24,1.27,2.15,57.547833594393815,0.36,2025-05-28,11:25:00,True,115.87,116.21,0.1,-0.0
2025-07-03 11:10:00+05:30,105.95,106.05,105.88,105.99,38097,33.1,34.0,76.0,83.6,0.13,0.26,0.26,0.1,0.3,0.37,58.131245947705565,0.18,2025-07-03,11:10:00,True,105.88,105.99,2.4,1.8
2025-06-09 10:45:00+05:30,334.25,335.0,334.25,334.75,163820,32.7,62.8,83.0,81.5,0.24,0.54,0.85,0.22,0.63,0.97,68.61699330557782,0.16,2025-06-09,10:45:00,True,334.25,334.75,2.3,2.2
2025-07-07 11:15:00+05:30,338.0,338.55,337.9,338.55,65400,23.1,34.0,87.3,86.3,0.22,0.62,0.93,0.1,0.82,1.17,62.15051599077494,0.18,2025-07-07,11:15:00,True,337.9,338.55,0.1,-0.5
2025-07-15 10:30:00+05:30,984.9,987.6,983.55,987.5,48966,32.4,66.3,79.8,81.3,0.44,1.08,2.06,0.43,1.09,2.02,61.391223259914355,0.49,2025-07-15,10:30:00,True,983.55,987.5,0.0,-0.3
2025-08-12 09:20:00+05:30,1118.2,1121.5,1116.6,1119.8,116231,23.0,46.5,82.3,83.6,0.43,1.6,2.74,0.35,1.98,3.4,66.92911296211264,0.45,2025-08-12,09:20:00,True,1116.6,1119.8,-1.0,-1.0
2025-07-15 11:10:00+05:30,1851.2,1852.6,1848.2,1852.2,4519,33.7,55.9,84.1,86.1,0.21,0.78,1.41,0.13,0.88,1.83,65.13664545185883,0.21,2025-07-15,11:10:00,True,1848.2,1852.2,1.4,1.0
2025-06-16 10:55:00+05:30,4122.7,4129.3,4118.1,4129.0,5789,29.0,44.8,81.5,82.0,0.54,1.72,2.67,0.03,2.25,3.33,63.18022225446152,0.44,2025-06-16,10:55:00,True,4118.1,4129.0,2.3,1.6
2025-08-25 11:00:00+05:30,3903.2,3904.0,3900.0,3903.8,526,31.1,44.1,81.7,81.7,0.18,0.54,0.91,0.17,0.68,0.97,59.883621079219914,0.21,2025-08-25,11:00:00,True,3900.0,3903.8,0.8,-0.1
2025-05-23 10:45:00+05:30,5708.0,5715.0,5702.5,5714.0,3436,39.1,56.1,83.9,80.7,0.56,1.19,1.4,0.49,1.56,1.75,68.62946321166474,0.31,2025-05-23,10:45:00,True,5702.5,5714.0,0.1,-0.5
2025-07-25 11:05:00+05:30,1529.0,1535.5,1528.4,1532.4,99439,30.3,30.3,83.4,82.8,0.89,2.44,3.53,0.3,3.32,4.29,64.50905855956479,0.63,2025-07-25,11:05:00,True,1528.4,1532.4,0.2,-0.2
2025-08-21 10:20:00+05:30,1565.6,1569.6,1565.0,1569.4,3694,28.0,61.2,72.8,82.7,0.25,0.75,1.66,0.24,0.67,1.85,61.81022244724868,0.33,2025-08-21,10:20:00,True,1565.0,1569.4,1.7,0.9
2025-07-03 09:25:00+05:30,6749.0,6791.5,6746.0,6774.0,11726,37.6,37.6,88.6,90.0,0.43,1.31,2.2,0.17,1.67,2.64,66.32128438073833,0.27,2025-07-03,09:25:00,True,6746.0,6774.0,2.3,1.0
2025-06-20 11:00:00+05:30,409.6,413.05,409.2,411.45,1101870,28.5,41.8,87.2,87.2,0.77,2.2,2.95,0.37,3.05,3.7,68.00610650763683,0.52,2025-06-20,11:00:00,True,409.2,411.45,1.2,-0.4
2025-06-09 11:20:00+05:30,297.55,298.0,297.4,298.0,49642,29.8,34.1,80.3,83.4,0.13,0.4,0.71,0.06,0.52,0.73,60.10959682742301,0.17,2025-06-09,11:20:00,True,297.4,298.0,2.6,2.6
2025-06-24 10:25:00+05:30,105.98,106.12,105.96,106.03,107828,32.4,66.0,79.0,80.1,0.49,1.2,1.74,0.59,1.44,2.06,68.37540785182986,0.26,2025-06-24,10:25:00,True,105.96,106.03,1.5,-0.2
2025-07-24 10:15:00+05:30,401.3,402.9,400.5,402.9,144185,28.0,56.1,79.0,80.2,0.37,0.93,1.28,0.29,1.15,1.75,62.06298012297731,0.31,2025-07-24,10:15:00,True,400.5,402.9,1.2,0.6
2025-07-11 10:50:00+05:30,1830.5,1833.0,1829.1,1831.6,8829,12.1,52.1,79.3,79.3,0.08,0.41,0.67,0.05,0.52,0.84,55.18858439293256,0.23,2025-07-11,10:50:00,True,1829.1,1831.6,-1.0,-1.0
2025-08-05 09:20:00+05:30,1821.1,1826.3,1820.0,1824.9,11698,22.4,22.4,58.1,79.3,-0.22,0.03,0.26,-0.33,-0.0,0.69,43.73347178703741,0.26,2025-08-05,09:20:00,True,1820.0,1824.9,4.2,4.1
2025-06-25 11:05:00+05:30,101.7,101.8,101.55,101.56,77993,28.1,40.3,83.5,83.7,0.3,1.18,1.98,-0.06,1.72,2.02,59.51118720546147,0.39,2025-06-25,11:05:00,True,101.55,101.56,1.2,1.2
2025-08-04 10:50:00+05:30,3050.0,3052.8,3045.0,3050.0,15030,25.0,40.7,82.4,82.4,0.27,0.66,0.7,0.2,0.86,1.03,62.02114498754692,0.31,2025-08-04,10:50:00,True,3045.0,3050.0,2.2,0.8
2025-08-18 10:35:00+05:30,31685.0,31735.0,31685.0,31730.0,53,28.2,65.4,88.6,87.4,0.91,2.23,3.05,0.87,2.92,3.53,70.20171184619778,0.36,2025-08-18,10:35:00,True,31685.0,31730.0,1.8,-0.3
2025-06-24 10:15:00+05:30,676.25,677.6,676.25,677.15,33275,25.8,75.3,78.5,81.4,0.62,1.44,1.94,0.78,1.82,2.33,63.298657316165254,0.41,2025-06-24,10:15:00,True,676.25,677.15,0.4,0.4
2025-06-27 10:45:00+05:30,3243.4,3247.9,3241.6,3246.7,14428,11.3,21.5,80.6,82.3,0.41,1.35,2.07,0.16,1.83,2.42,64.16284673331222,0.36,2025-06-27,10:45:00,True,3241.6,3246.7,-1.0,-1.0
2025-05-22 10:50:00+05:30,14588.0,14615.0,14573.0,14595.0,4240,20.8,44.3,75.5,82.9,0.43,1.58,2.9,0.14,1.59,3.64,60.72836183341976,0.49,2025-05-22,10:50:00,True,14573.0,14595.0,2.3,-0.2
2025-06-30 11:15:00+05:30,817.15,817.55,816.35,816.65,82532,30.8,50.6,81.5,80.8,0.14,0.61,1.07,0.06,0.81,1.12,60.90119052698389,0.19,2025-06-30,11:15:00,True,816.35,816.65,2.1,2.1
2025-08-05 10:20:00+05:30,799.45,799.95,798.8,799.6,48727,29.5,57.8,78.4,80.3,0.13,0.42,0.56,0.11,0.56,0.81,62.18571862992749,0.15,2025-08-05,10:20:00,True,798.8,799.6,1.9,-0.3
2025-07-10 10:50:00+05:30,134.3,134.3,134.14,134.29,50140,10.9,10.8,64.9,78.1,-0.14,0.2,0.39,-0.33,0.38,0.66,47.6536863927687,0.22,2025-07-10,10:50:00,True,134.14,134.29,1.3,-0.2
2025-06-09 10:30:00+05:30,4379.0,4386.1,4376.1,4381.5,273,37.8,55.0,79.2,83.0,0.3,0.87,1.29,0.22,1.1,1.55,61.86672111091417,0.26,2025-06-09,10:30:00,True,4376.1,4381.5,1.2,-0.6
2025-07-21 11:00:00+05:30,4294.5,4307.5,4293.9,4299.6,959,27.5,36.4,80.8,80.8,0.21,0.72,1.06,0.06,0.94,1.35,58.408572914017554,0.32,2025-07-21,11:00:00,True,4293.9,4299.6,0.2,-0.0
2025-06-11 10:50:00+05:30,2795.0,2798.0,2793.4,2797.9,4623,21.9,47.8,81.6,82.2,0.25,0.81,1.24,0.05,1.11,1.43,61.487358680283904,0.27,2025-06-11,10:50:00,True,2793.4,2797.9,0.1,0.1
2025-06-05 11:05:00+05:30,1711.6,1713.1,1710.9,1712.3,1148,29.7,31.2,82.4,87.6,0.25,0.93,1.58,0.07,1.08,2.02,63.223762029703025,0.23,2025-06-05,11:05:00,True,1710.9,1712.3,1.3,0.8
2025-06-13 11:25:00+05:30,1700.7,1702.5,1700.4,1702.0,725,46.0,57.2,90.8,81.3,0.15,0.12,-0.13,0.17,0.26,-0.21,56.57863912685174,0.2,2025-06-13,11:25:00,True,1700.4,1702.0,1.8,0.8
2025-07-03 09:25:00+05:30,1786.8,1794.0,1786.5,1791.0,22218,19.8,18.8,82.3,83.2,-0.54,0.77,2.52,-0.92,0.98,3.6,43.84111149112842,0.38,2025-07-03,09:25:00,True,1786.5,1791.0,0.4,0.4
2025-06-09 10:50:00+05:30,3424.0,3424.3,3418.9,3421.6,28231,33.1,44.9,81.2,81.1,0.18,0.57,0.85,0.07,0.77,1.07,63.44032285378439,0.16,2025-06-09,10:50:00,True,3418.9,3421.6,1.3,0.0
2025-06-10 11:05:00+05:30,6704.0,6705.0,6695.5,6704.5,1747,30.9,30.3,73.5,81.3,0.11,0.6,1.28,-0.02,0.63,1.44,57.57029099762315,0.23,2025-06-10,11:05:00,True,6695.5,6704.5,1.4,0.1
2025-08-13 10:50:00+05:30,664.75,666.0,664.7,665.95,94301,39.4,63.6,88.4,85.6,0.43,0.87,1.29,0.33,1.06,1.32,69.37038394258308,0.2,2025-08-13,10:50:00,True,664.7,665.95,0.4,-0.2
2025-08-18 10:35:00+05:30,678.9,681.9,678.85,681.75,154488,39.4,58.5,82.6,81.4,0.79,1.58,2.15,0.79,1.93,2.48,75.76257402504888,0.3,2025-08-18,10:35:00,True,678.85,681.75,0.8,-0.8
2025-06-27 10:30:00+05:30,162.08,162.2,161.94,162.03,220972,7.6,34.8,80.3,81.3,0.13,0.96,1.77,-0.04,1.3,2.05,57.941743439142364,0.28,2025-06-27,10:30:00,True,161.94,162.03,0.7,-0.1
2025-07-03 10:20:00+05:30,166.81,167.16,166.72,167.12,477030,10.6,37.7,80.3,80.4,0.23,1.17,2.1,0.1,1.46,2.72,60.76057876654987,0.29,2025-07-03,10:20:00,True,166.72,167.12,0.4,-0.3
2025-08-18 11:10:00+05:30,673.45,673.5,673.15,673.4,2015,23.8,27.8,83.0,83.0,0.11,0.47,0.74,-0.02,0.72,0.8,59.383181512868454,0.17,2025-08-18,11:10:00,True,673.15,673.4,0.0,-0.3
2025-06-03 11:05:00+05:30,1416.8,1417.5,1416.0,1417.2,1283,25.0,25.0,79.8,82.8,0.21,0.75,1.33,0.02,0.88,1.63,62.27539006617993,0.23,2025-06-03,11:05:00,True,1416.0,1417.2,0.0,0.0
2025-06-05 10:55:00+05:30,5625.0,5638.0,5621.0,5637.0,11574,27.3,59.5,85.6,83.9,0.5,1.11,1.29,0.42,1.59,1.61,69.97288186439636,0.26,2025-06-05,10:55:00,True,5621.0,5637.0,2.6,1.5
2025-08-01 11:20:00+05:30,5108.5,5114.5,5106.0,5114.0,3244,27.3,61.5,81.7,81.2,0.36,0.79,1.1,0.37,0.96,1.31,64.19197699764179,0.3,2025-08-01,11:20:00,True,5106.0,5114.0,0.1,0.1
2025-08-12 09:20:00+05:30,3006.0,3008.2,2995.7,3003.1,5409,41.9,61.9,85.3,85.3,0.37,1.13,1.77,0.22,1.43,2.25,66.02271155945094,0.32,2025-08-12,09:20:00,True,2995.7,3003.1,3.5,2.2
2025-07-03 11:05:00+05:30,681.7,682.85,681.05,681.4,25084,28.8,28.8,79.4,84.7,0.01,0.83,1.95,-0.19,0.91,2.24,54.06229181915706,0.31,2025-07-03,11:05:00,True,681.05,681.4,1.6,0.9
2025-08-04 11:00:00+05:30,707.65,708.9,707.2,708.05,34879,27.1,37.3,85.5,85.1,0.52,1.01,0.79,0.05,1.59,0.85,58.11872978370725,0.66,2025-08-04,11:00:00,True,707.2,708.05,1.2,-0.1
2025-06-10 11:05:00+05:30,11431.0,11442.0,11424.0,11438.0,1754,25.6,35.1,80.0,83.5,0.2,0.74,1.21,0.03,0.99,1.41,64.50469303583213,0.21,2025-06-10,11:05:00,True,11424.0,11438.0,0.2,-0.2
2025-07-03 09:20:00+05:30,12463.0,12473.0,12439.0,12457.0,5004,35.7,35.7,86.5,84.6,0.39,1.14,1.85,0.2,1.54,2.11,68.35408502269009,0.23,2025-07-03,09:20:00,True,12439.0,12457.0,0.2,0.2
2025-08-18 10:40:00+05:30,12865.0,12865.0,12855.0,12860.0,3221,30.1,59.4,92.5,92.8,0.8,2.15,2.93,0.66,2.88,3.57,80.84268339695095,0.26,2025-08-18,10:40:00,True,12855.0,12860.0,0.9,0.4
2025-07-15 09:25:00+05:30,147.05,147.24,146.91,147.16,91093,34.9,49.1,63.1,80.5,0.13,0.35,0.71,0.16,0.34,0.82,56.04416359686434,0.19,2025-07-15,09:25:00,True,146.91,147.16,0.6,0.3
2025-08-11 11:20:00+05:30,133.49,133.55,133.43,133.45,39156,25.8,47.9,83.0,83.0,0.14,0.63,1.04,0.03,0.87,1.22,57.981401879817156,0.23,2025-08-11,11:20:00,True,133.43,133.45,0.5,0.5
2025-06-25 11:05:00+05:30,1455.3,1456.7,1454.8,1455.0,28571,26.7,63.0,82.3,81.9,0.12,0.4,0.62,0.15,0.48,0.79,58.211249128522155,0.24,2025-06-25,11:05:00,True,1454.8,1455.0,2.2,1.1
2025-06-27 10:20:00+05:30,464.8,466.8,464.65,466.6,206553,26.1,66.6,78.1,81.3,0.86,2.09,3.11,0.87,2.52,3.69,67.34681618493283,0.45,2025-06-27,10:20:00,True,464.65,466.6,0.1,-0.3
2025-08-13 11:05:00+05:30,442.8,443.25,442.7,443.15,29547,29.9,27.4,81.1,80.5,0.27,0.92,1.46,0.03,1.25,1.63,62.50896693808186,0.24,2025-08-13,11:05:00,True,442.7,443.15,0.0,-0.3
2025-06-09 10:45:00+05:30,1292.8,1293.7,1291.5,1293.0,12266,20.0,27.9,78.5,81.1,0.17,0.9,1.73,0.01,1.09,1.94,57.41825931028708,0.32,2025-06-09,10:45:00,True,1291.5,1293.0,0.1,-0.2
2025-08-01 11:25:00+05:30,3054.0,3064.2,3053.6,3058.4,11005,20.0,53.1,83.8,83.7,0.22,0.62,0.39,0.16,1.0,1.27,58.13630035568939,0.34,2025-08-01,11:25:00,True,3053.6,3058.4,-1.0,-1.0
2025-08-20 11:20:00+05:30,3074.0,3075.0,3070.0,3073.0,9335,27.3,49.8,79.9,79.9,-0.03,0.23,0.69,-0.14,0.44,0.28,51.40392149186529,0.22,2025-08-20,11:20:00,True,3070.0,3073.0,8.3,8.2
