time,symbol,open,high,low,close,volume,timestamp
2025-12-28 05:30:00+05:30,BTCUSD,87837.5,87930.0,87837.5,87867.0,9496,2025-12-28 05:30:00+05:30
2025-12-28 05:35:00+05:30,BTCUSD,87871.0,87895.0,87776.5,87803.0,7822,2025-12-28 05:35:00+05:30
2025-12-28 05:40:00+05:30,BTCUSD,87802.0,87834.0,87777.5,87786.0,4526,2025-12-28 05:40:00+05:30
2025-12-28 05:45:00+05:30,BTCUSD,87786.0,87797.0,87746.0,87769.0,10327,2025-12-28 05:45:00+05:30
2025-12-28 05:50:00+05:30,BTCUSD,87768.0,87797.0,87750.5,87751.5,4086,2025-12-28 05:50:00+05:30
2025-12-28 05:55:00+05:30,BTCUSD,87750.5,87772.5,87682.5,87712.0,7940,2025-12-28 05:55:00+05:30
2025-12-28 06:00:00+05:30,BTCUSD,87703.0,87779.0,87684.5,87779.0,7253,2025-12-28 06:00:00+05:30
2025-12-28 06:05:00+05:30,BTCUSD,87778.0,87866.5,87778.0,87861.0,10927,2025-12-28 06:05:00+05:30
2025-12-28 06:10:00+05:30,BTCUSD,87876.0,87876.0,87795.0,87850.0,5050,2025-12-28 06:10:00+05:30
2025-12-28 06:15:00+05:30,BTCUSD,87859.0,87914.0,87858.0,87875.5,11205,2025-12-28 06:15:00+05:30
2025-12-28 06:20:00+05:30,BTCUSD,87875.5,87889.0,87824.5,87840.0,5415,2025-12-28 06:20:00+05:30
2025-12-28 06:25:00+05:30,BTCUSD,87839.0,87840.0,87807.5,87821.0,2737,2025-12-28 06:25:00+05:30
2025-12-28 06:30:00+05:30,BTCUSD,87821.0,87920.5,87820.0,87918.0,22324,2025-12-28 06:30:00+05:30
2025-12-28 06:35:00+05:30,BTCUSD,87918.0,87918.0,87858.5,87859.5,6213,2025-12-28 06:35:00+05:30
2025-12-28 06:40:00+05:30,BTCUSD,87863.0,87880.5,87826.0,87827.0,9371,2025-12-28 06:40:00+05:30
2025-12-28 06:45:00+05:30,BTCUSD,87826.0,87826.0,87708.5,87803.5,12864,2025-12-28 06:45:00+05:30
2025-12-28 06:50:00+05:30,BTCUSD,87804.5,87818.0,87772.0,87779.0,5509,2025-12-28 06:50:00+05:30
2025-12-28 06:55:00+05:30,BTCUSD,87780.0,87788.5,87762.5,87785.0,1778,2025-12-28 06:55:00+05:30
2025-12-28 07:00:00+05:30,BTCUSD,87784.0,87795.5,87729.5,87795.5,10028,2025-12-28 07:00:00+05:30
2025-12-28 07:05:00+05:30,BTCUSD,87798.5,87836.0,87770.5,87801.5,8795,2025-12-28 07:05:00+05:30
2025-12-28 07:10:00+05:30,BTCUSD,87809.5,87841.0,87792.0,87792.0,4211,2025-12-28 07:10:00+05:30
2025-12-28 07:15:00+05:30,BTCUSD,87793.0,87793.0,87771.0,87781.0,3232,2025-12-28 07:15:00+05:30
2025-12-28 07:20:00+05:30,BTCUSD,87781.0,87786.0,87751.5,87758.0,3894,2025-12-28 07:20:00+05:30
2025-12-28 07:25:00+05:30,BTCUSD,87758.0,87759.0,87742.5,87757.5,4855,2025-12-28 07:25:00+05:30
2025-12-28 07:30:00+05:30,BTCUSD,87738.5,87739.5,87720.5,87721.0,4219,2025-12-28 07:30:00+05:30
2025-12-28 07:35:00+05:30,BTCUSD,87722.0,87749.0,87721.0,87738.0,5032,2025-12-28 07:35:00+05:30
2025-12-28 07:40:00+05:30,BTCUSD,87738.0,87771.5,87737.0,87751.5,2773,2025-12-28 07:40:00+05:30
2025-12-28 07:45:00+05:30,BTCUSD,87751.5,87779.0,87750.5,87779.0,3601,2025-12-28 07:45:00+05:30
2025-12-28 07:50:00+05:30,BTCUSD,87779.0,87788.0,87768.5,87779.5,6715,2025-12-28 07:50:00+05:30
2025-12-28 07:55:00+05:30,BTCUSD,87780.5,87791.0,87779.5,87784.0,2385,2025-12-28 07:55:00+05:30
2025-12-28 08:00:00+05:30,BTCUSD,87783.0,87856.5,87783.0,87835.0,9242,2025-12-28 08:00:00+05:30
2025-12-28 08:05:00+05:30,BTCUSD,87835.0,87835.0,87816.0,87820.5,5474,2025-12-28 08:05:00+05:30
2025-12-28 08:10:00+05:30,BTCUSD,87820.5,87820.5,87808.5,87809.5,3612,2025-12-28 08:10:00+05:30
2025-12-28 08:15:00+05:30,BTCUSD,87809.5,87820.0,87775.5,87776.5,5178,2025-12-28 08:15:00+05:30
2025-12-28 08:20:00+05:30,BTCUSD,87776.5,87792.5,87775.5,87780.0,3763,2025-12-28 08:20:00+05:30
2025-12-28 08:25:00+05:30,BTCUSD,87780.0,87793.0,87777.0,87778.0,2513,2025-12-28 08:25:00+05:30
2025-12-28 08:30:00+05:30,BTCUSD,87777.0,87778.0,87777.0,87778.0,2509,2025-12-28 08:30:00+05:30
2025-12-28 08:35:00+05:30,BTCUSD,87777.0,87817.5,87770.5,87774.5,5437,2025-12-28 08:35:00+05:30
2025-12-28 08:40:00+05:30,BTCUSD,87779.0,87779.0,87748.5,87754.5,4896,2025-12-28 08:40:00+05:30
2025-12-28 08:45:00+05:30,BTCUSD,87753.5,87785.5,87753.5,87759.0,4265,2025-12-28 08:45:00+05:30
2025-12-28 08:50:00+05:30,BTCUSD,87759.0,87775.5,87739.0,87739.5,4845,2025-12-28 08:50:00+05:30
2025-12-28 08:55:00+05:30,BTCUSD,87740.5,87740.5,87708.0,87717.0,8397,2025-12-28 08:55:00+05:30
2025-12-28 09:00:00+05:30,BTCUSD,87717.0,87755.0,87717.0,87750.0,4457,2025-12-28 09:00:00+05:30
2025-12-28 09:05:00+05:30,BTCUSD,87750.0,87751.0,87722.5,87740.0,5380,2025-12-28 09:05:00+05:30
2025-12-28 09:10:00+05:30,BTCUSD,87741.0,87741.0,87721.0,87721.0,1909,2025-12-28 09:10:00+05:30
2025-12-28 09:15:00+05:30,BTCUSD,87722.0,87732.0,87718.5,87719.5,4027,2025-12-28 09:15:00+05:30
2025-12-28 09:20:00+05:30,BTCUSD,87718.5,87732.0,87717.5,87719.0,4066,2025-12-28 09:20:00+05:30
2025-12-28 09:25:00+05:30,BTCUSD,87720.0,87720.0,87701.5,87701.5,2673,2025-12-28 09:25:00+05:30
2025-12-28 09:30:00+05:30,BTCUSD,87702.5,87751.5,87660.0,87740.5,21424,2025-12-28 09:30:00+05:30
2025-12-28 09:35:00+05:30,BTCUSD,87740.5,87747.5,87704.5,87744.0,5746,2025-12-28 09:35:00+05:30
2025-12-28 09:40:00+05:30,BTCUSD,87744.0,87810.0,87743.0,87779.0,12744,2025-12-28 09:40:00+05:30
2025-12-28 09:45:00+05:30,BTCUSD,87777.5,87778.5,87754.0,87754.0,7673,2025-12-28 09:45:00+05:30
2025-12-28 09:50:00+05:30,BTCUSD,87754.0,87769.5,87754.0,87769.5,3716,2025-12-28 09:50:00+05:30
2025-12-28 09:55:00+05:30,BTCUSD,87769.5,87775.0,87734.0,87774.0,6400,2025-12-28 09:55:00+05:30
2025-12-28 10:00:00+05:30,BTCUSD,87775.0,87775.0,87760.0,87760.0,2975,2025-12-28 10:00:00+05:30
2025-12-28 10:05:00+05:30,BTCUSD,87761.0,87761.0,87703.5,87741.0,6712,2025-12-28 10:05:00+05:30
2025-12-28 10:10:00+05:30,BTCUSD,87741.0,87742.0,87722.5,87723.0,3736,2025-12-28 10:10:00+05:30
2025-12-28 10:15:00+05:30,BTCUSD,87722.5,87738.0,87663.0,87694.5,8122,2025-12-28 10:15:00+05:30
2025-12-28 10:20:00+05:30,BTCUSD,87691.0,87691.0,87688.0,87689.5,8590,2025-12-28 10:20:00+05:30
2025-12-28 10:25:00+05:30,BTCUSD,87688.5,87707.5,87688.5,87690.5,7490,2025-12-28 10:25:00+05:30
2025-12-28 10:30:00+05:30,BTCUSD,87692.0,87693.0,87600.0,87649.5,29029,2025-12-28 10:30:00+05:30
2025-12-28 10:35:00+05:30,BTCUSD,87649.0,87679.0,87646.0,87655.0,8450,2025-12-28 10:35:00+05:30
2025-12-28 10:40:00+05:30,BTCUSD,87656.0,87673.5,87655.0,87668.0,4458,2025-12-28 10:40:00+05:30
2025-12-28 10:45:00+05:30,BTCUSD,87668.0,87669.0,87658.5,87658.5,4594,2025-12-28 10:45:00+05:30
2025-12-28 10:50:00+05:30,BTCUSD,87659.0,87659.0,87609.5,87612.0,14337,2025-12-28 10:50:00+05:30
2025-12-28 10:55:00+05:30,BTCUSD,87610.5,87613.0,87576.0,87589.0,19120,2025-12-28 10:55:00+05:30
2025-12-28 11:00:00+05:30,BTCUSD,87589.0,87633.5,87580.0,87620.0,12384,2025-12-28 11:00:00+05:30
2025-12-28 11:05:00+05:30,BTCUSD,87619.0,87656.5,87619.0,87628.5,15492,2025-12-28 11:05:00+05:30
2025-12-28 11:10:00+05:30,BTCUSD,87628.5,87660.0,87628.5,87653.0,3283,2025-12-28 11:10:00+05:30
2025-12-28 11:15:00+05:30,BTCUSD,87653.0,87674.5,87625.0,87632.5,7809,2025-12-28 11:15:00+05:30
2025-12-28 11:20:00+05:30,BTCUSD,87631.5,87686.5,87631.5,87679.0,10382,2025-12-28 11:20:00+05:30
2025-12-28 11:25:00+05:30,BTCUSD,87680.0,87680.0,87607.0,87629.0,6212,2025-12-28 11:25:00+05:30
2025-12-28 11:30:00+05:30,BTCUSD,87629.0,87629.0,87614.5,87622.0,3039,2025-12-28 11:30:00+05:30
2025-12-28 11:35:00+05:30,BTCUSD,87622.0,87660.0,87622.0,87660.0,5403,2025-12-28 11:35:00+05:30
2025-12-28 11:40:00+05:30,BTCUSD,87660.5,87683.0,87653.0,87683.0,5814,2025-12-28 11:40:00+05:30
2025-12-28 11:45:00+05:30,BTCUSD,87680.5,87680.5,87665.0,87666.0,4294,2025-12-28 11:45:00+05:30
2025-12-28 11:50:00+05:30,BTCUSD,87665.0,87714.0,87665.0,87707.5,10420,2025-12-28 11:50:00+05:30
2025-12-28 11:55:00+05:30,BTCUSD,87708.5,87713.5,87688.5,87705.0,11039,2025-12-28 11:55:00+05:30
2025-12-28 12:00:00+05:30,BTCUSD,87705.0,87707.5,87700.0,87700.5,6031,2025-12-28 12:00:00+05:30
2025-12-28 12:05:00+05:30,BTCUSD,87701.0,87743.5,87698.0,87738.0,10619,2025-12-28 12:05:00+05:30
2025-12-28 12:10:00+05:30,BTCUSD,87737.0,87763.0,87726.5,87758.0,18144,2025-12-28 12:10:00+05:30
2025-12-28 12:15:00+05:30,BTCUSD,87759.0,87759.0,87731.0,87743.5,11332,2025-12-28 12:15:00+05:30
2025-12-28 12:20:00+05:30,BTCUSD,87743.5,87743.5,87726.5,87741.0,7485,2025-12-28 12:20:00+05:30
2025-12-28 12:25:00+05:30,BTCUSD,87742.0,87748.0,87703.5,87704.0,7230,2025-12-28 12:25:00+05:30
2025-12-28 12:30:00+05:30,BTCUSD,87705.0,87705.0,87645.0,87675.5,17310,2025-12-28 12:30:00+05:30
2025-12-28 12:35:00+05:30,BTCUSD,87674.5,87707.0,87669.0,87680.5,7010,2025-12-28 12:35:00+05:30
2025-12-28 12:40:00+05:30,BTCUSD,87679.5,87687.5,87675.0,87687.5,3488,2025-12-28 12:40:00+05:30
2025-12-28 12:45:00+05:30,BTCUSD,87687.5,87687.5,87649.0,87655.5,8708,2025-12-28 12:45:00+05:30
2025-12-28 12:50:00+05:30,BTCUSD,87655.5,87676.5,87655.5,87665.5,5035,2025-12-28 12:50:00+05:30
2025-12-28 12:55:00+05:30,BTCUSD,87666.5,87666.5,87650.0,87662.0,4677,2025-12-28 12:55:00+05:30
2025-12-28 13:00:00+05:30,BTCUSD,87662.0,87675.5,87661.0,87666.5,3092,2025-12-28 13:00:00+05:30
2025-12-28 13:05:00+05:30,BTCUSD,87666.5,87666.5,87646.5,87654.0,3160,2025-12-28 13:05:00+05:30
2025-12-28 13:10:00+05:30,BTCUSD,87655.0,87659.0,87641.0,87649.5,3836,2025-12-28 13:10:00+05:30
2025-12-28 13:15:00+05:30,BTCUSD,87649.5,87706.0,87648.5,87704.5,7201,2025-12-28 13:15:00+05:30
2025-12-28 13:20:00+05:30,BTCUSD,87704.5,87704.5,87680.0,87697.0,2818,2025-12-28 13:20:00+05:30
2025-12-28 13:25:00+05:30,BTCUSD,87696.0,87707.0,87695.5,87707.0,3788,2025-12-28 13:25:00+05:30
2025-12-28 13:30:00+05:30,BTCUSD,87707.0,87733.5,87706.0,87719.0,10214,2025-12-28 13:30:00+05:30
2025-12-28 13:35:00+05:30,BTCUSD,87719.0,87792.0,87719.0,87791.0,14806,2025-12-28 13:35:00+05:30
2025-12-28 13:40:00+05:30,BTCUSD,87792.0,87792.0,87761.0,87771.0,11167,2025-12-28 13:40:00+05:30
2025-12-28 13:45:00+05:30,BTCUSD,87772.0,87782.5,87758.5,87760.0,14683,2025-12-28 13:45:00+05:30
2025-12-28 13:50:00+05:30,BTCUSD,87759.0,87760.0,87749.5,87756.0,27887,2025-12-28 13:50:00+05:30
2025-12-28 13:55:00+05:30,BTCUSD,87756.0,87756.0,87746.5,87756.0,35649,2025-12-28 13:55:00+05:30
2025-12-28 14:00:00+05:30,BTCUSD,87756.0,87756.0,87732.5,87733.5,16446,2025-12-28 14:00:00+05:30
2025-12-28 14:05:00+05:30,BTCUSD,87733.5,87841.5,87733.0,87838.0,25706,2025-12-28 14:05:00+05:30
2025-12-28 14:10:00+05:30,BTCUSD,87839.0,87956.5,87811.0,87814.5,61571,2025-12-28 14:10:00+05:30
2025-12-28 14:15:00+05:30,BTCUSD,87814.0,87846.0,87785.5,87791.5,16271,2025-12-28 14:15:00+05:30
2025-12-28 14:20:00+05:30,BTCUSD,87790.5,87799.0,87752.0,87790.0,17903,2025-12-28 14:20:00+05:30
2025-12-28 14:25:00+05:30,BTCUSD,87789.0,87815.5,87771.0,87780.5,5869,2025-12-28 14:25:00+05:30
2025-12-28 14:30:00+05:30,BTCUSD,87780.5,87811.0,87774.0,87805.5,7375,2025-12-28 14:30:00+05:30
2025-12-28 14:35:00+05:30,BTCUSD,87805.0,87825.0,87796.5,87825.0,9080,2025-12-28 14:35:00+05:30
2025-12-28 14:40:00+05:30,BTCUSD,87825.0,87852.0,87824.5,87838.5,12728,2025-12-28 14:40:00+05:30
2025-12-28 14:45:00+05:30,BTCUSD,87839.5,87849.0,87817.0,87849.0,7247,2025-12-28 14:45:00+05:30
2025-12-28 14:50:00+05:30,BTCUSD,87849.0,87871.5,87847.5,87871.5,5681,2025-12-28 14:50:00+05:30
2025-12-28 14:55:00+05:30,BTCUSD,87871.5,87877.0,87853.5,87860.0,9291,2025-12-28 14:55:00+05:30
2025-12-28 15:00:00+05:30,BTCUSD,87858.5,87858.5,87808.5,87809.5,10073,2025-12-28 15:00:00+05:30
2025-12-28 15:05:00+05:30,BTCUSD,87808.5,87809.5,87684.0,87748.5,49190,2025-12-28 15:05:00+05:30
2025-12-28 15:10:00+05:30,BTCUSD,87748.5,87752.0,87719.5,87752.0,13207,2025-12-28 15:10:00+05:30
2025-12-28 15:15:00+05:30,BTCUSD,87751.0,87758.5,87739.5,87750.0,8572,2025-12-28 15:15:00+05:30
2025-12-28 15:20:00+05:30,BTCUSD,87751.0,87759.0,87736.0,87759.0,5469,2025-12-28 15:20:00+05:30
2025-12-28 15:25:00+05:30,BTCUSD,87759.0,87777.5,87744.0,87777.5,7632,2025-12-28 15:25:00+05:30
2025-12-28 15:30:00+05:30,BTCUSD,87777.5,87832.5,87776.5,87832.5,10752,2025-12-28 15:30:00+05:30
2025-12-28 15:35:00+05:30,BTCUSD,87832.5,87934.0,87827.0,87919.0,28803,2025-12-28 15:35:00+05:30
2025-12-28 15:40:00+05:30,BTCUSD,87917.5,87943.5,87871.0,87873.5,21696,2025-12-28 15:40:00+05:30
2025-12-28 15:45:00+05:30,BTCUSD,87874.5,87917.0,87866.5,87914.5,13484,2025-12-28 15:45:00+05:30
2025-12-28 15:50:00+05:30,BTCUSD,87913.5,87937.0,87847.5,87934.0,22619,2025-12-28 15:50:00+05:30
2025-12-28 15:55:00+05:30,BTCUSD,87935.0,87945.5,87885.0,87930.0,11659,2025-12-28 15:55:00+05:30
2025-12-28 16:00:00+05:30,BTCUSD,87930.0,87931.0,87858.5,87909.0,13164,2025-12-28 16:00:00+05:30
2025-12-28 16:05:00+05:30,BTCUSD,87908.0,87990.5,87832.5,87837.0,43547,2025-12-28 16:05:00+05:30
2025-12-28 16:10:00+05:30,BTCUSD,87838.0,87842.5,87809.0,87824.0,12105,2025-12-28 16:10:00+05:30
2025-12-28 16:15:00+05:30,BTCUSD,87823.5,87837.5,87814.0,87821.5,9121,2025-12-28 16:15:00+05:30
2025-12-28 16:20:00+05:30,BTCUSD,87820.5,87833.5,87818.0,87833.5,4705,2025-12-28 16:20:00+05:30
2025-12-28 16:25:00+05:30,BTCUSD,87833.5,87838.5,87825.5,87837.0,3447,2025-12-28 16:25:00+05:30
2025-12-28 16:30:00+05:30,BTCUSD,87838.0,87898.5,87838.0,87865.0,18626,2025-12-28 16:30:00+05:30
2025-12-28 16:35:00+05:30,BTCUSD,87865.0,87906.0,87865.0,87902.5,5389,2025-12-28 16:35:00+05:30
2025-12-28 16:40:00+05:30,BTCUSD,87901.5,87901.5,87877.0,87895.5,7816,2025-12-28 16:40:00+05:30
2025-12-28 16:45:00+05:30,BTCUSD,87896.5,87905.0,87848.0,87852.0,9578,2025-12-28 16:45:00+05:30
2025-12-28 16:50:00+05:30,BTCUSD,87852.0,87880.5,87852.0,87862.5,2683,2025-12-28 16:50:00+05:30
2025-12-28 16:55:00+05:30,BTCUSD,87866.0,87874.5,87854.5,87865.5,4097,2025-12-28 16:55:00+05:30
2025-12-28 17:00:00+05:30,BTCUSD,87865.5,87865.5,87838.0,87848.0,5427,2025-12-28 17:00:00+05:30
2025-12-28 17:05:00+05:30,BTCUSD,87847.0,87847.0,87793.0,87793.0,14685,2025-12-28 17:05:00+05:30
2025-12-28 17:10:00+05:30,BTCUSD,87793.0,87804.5,87780.0,87804.5,13504,2025-12-28 17:10:00+05:30
2025-12-28 17:15:00+05:30,BTCUSD,87804.5,87855.5,87803.5,87848.5,7609,2025-12-28 17:15:00+05:30
2025-12-28 17:20:00+05:30,BTCUSD,87847.5,87852.0,87814.5,87827.0,3531,2025-12-28 17:20:00+05:30
2025-12-28 17:25:00+05:30,BTCUSD,87835.5,87860.0,87828.5,87859.0,4603,2025-12-28 17:25:00+05:30
2025-12-28 17:30:00+05:30,BTCUSD,87863.5,87873.5,87826.5,87833.0,4819,2025-12-28 17:30:00+05:30
2025-12-28 17:35:00+05:30,BTCUSD,87833.0,87839.0,87808.5,87808.5,5638,2025-12-28 17:35:00+05:30
2025-12-28 17:40:00+05:30,BTCUSD,87808.5,87819.0,87790.5,87818.0,5392,2025-12-28 17:40:00+05:30
2025-12-28 17:45:00+05:30,BTCUSD,87816.0,87817.0,87791.5,87800.0,5741,2025-12-28 17:45:00+05:30
2025-12-28 17:50:00+05:30,BTCUSD,87801.0,87834.5,87795.0,87826.0,6193,2025-12-28 17:50:00+05:30
2025-12-28 17:55:00+05:30,BTCUSD,87826.0,87828.5,87825.0,87826.0,1398,2025-12-28 17:55:00+05:30
2025-12-28 18:00:00+05:30,BTCUSD,87826.0,87842.5,87826.0,87842.5,3739,2025-12-28 18:00:00+05:30
2025-12-28 18:05:00+05:30,BTCUSD,87842.5,87842.5,87795.0,87795.0,7846,2025-12-28 18:05:00+05:30
2025-12-28 18:10:00+05:30,BTCUSD,87796.0,87814.0,87774.5,87787.5,9063,2025-12-28 18:10:00+05:30
2025-12-28 18:15:00+05:30,BTCUSD,87787.5,87813.0,87787.5,87803.0,4379,2025-12-28 18:15:00+05:30
2025-12-28 18:20:00+05:30,BTCUSD,87803.0,87814.0,87802.0,87813.0,2128,2025-12-28 18:20:00+05:30
2025-12-28 18:25:00+05:30,BTCUSD,87814.0,87868.5,87802.5,87828.5,6103,2025-12-28 18:25:00+05:30
2025-12-28 18:30:00+05:30,BTCUSD,87829.5,87885.0,87828.5,87878.0,12901,2025-12-28 18:30:00+05:30
2025-12-28 18:35:00+05:30,BTCUSD,87878.0,87932.5,87846.5,87846.5,18302,2025-12-28 18:35:00+05:30
2025-12-28 18:40:00+05:30,BTCUSD,87847.5,87873.0,87825.0,87826.0,10051,2025-12-28 18:40:00+05:30
2025-12-28 18:45:00+05:30,BTCUSD,87825.0,87831.0,87783.0,87828.5,19499,2025-12-28 18:45:00+05:30
2025-12-28 18:50:00+05:30,BTCUSD,87828.5,87880.5,87820.0,87876.0,10457,2025-12-28 18:50:00+05:30
2025-12-28 18:55:00+05:30,BTCUSD,87876.0,87887.5,87823.0,87823.0,9248,2025-12-28 18:55:00+05:30
2025-12-28 19:00:00+05:30,BTCUSD,87824.0,87866.0,87823.0,87856.0,5914,2025-12-28 19:00:00+05:30
2025-12-28 19:05:00+05:30,BTCUSD,87856.0,87939.5,87855.0,87914.5,16279,2025-12-28 19:05:00+05:30
2025-12-28 19:10:00+05:30,BTCUSD,87914.5,87914.5,87892.0,87893.0,7391,2025-12-28 19:10:00+05:30
2025-12-28 19:15:00+05:30,BTCUSD,87897.5,87897.5,87892.0,87895.0,6066,2025-12-28 19:15:00+05:30
2025-12-28 19:20:00+05:30,BTCUSD,87893.0,87909.0,87872.5,87872.5,13268,2025-12-28 19:20:00+05:30
2025-12-28 19:25:00+05:30,BTCUSD,87872.5,87887.0,87860.0,87872.0,5330,2025-12-28 19:25:00+05:30
2025-12-28 19:30:00+05:30,BTCUSD,87871.0,87967.0,87871.0,87960.0,18986,2025-12-28 19:30:00+05:30
2025-12-28 19:35:00+05:30,BTCUSD,87960.0,87966.5,87927.5,87965.0,14669,2025-12-28 19:35:00+05:30
2025-12-28 19:40:00+05:30,BTCUSD,87965.0,87967.0,87945.0,87945.0,21530,2025-12-28 19:40:00+05:30
2025-12-28 19:45:00+05:30,BTCUSD,87945.0,87957.0,87941.5,87946.0,10436,2025-12-28 19:45:00+05:30
2025-12-28 19:50:00+05:30,BTCUSD,87946.0,87955.0,87895.0,87917.0,15800,2025-12-28 19:50:00+05:30
2025-12-28 19:55:00+05:30,BTCUSD,87917.5,87955.5,87917.0,87954.5,9413,2025-12-28 19:55:00+05:30
2025-12-28 20:00:00+05:30,BTCUSD,87954.5,87956.0,87911.0,87931.5,10608,2025-12-28 20:00:00+05:30
2025-12-28 20:05:00+05:30,BTCUSD,87932.5,87947.0,87926.5,87941.0,5473,2025-12-28 20:05:00+05:30
2025-12-28 20:10:00+05:30,BTCUSD,87941.0,88077.5,87933.5,87972.5,76641,2025-12-28 20:10:00+05:30
2025-12-28 20:15:00+05:30,BTCUSD,87972.5,88008.0,87968.0,87968.0,22363,2025-12-28 20:15:00+05:30
2025-12-28 20:20:00+05:30,BTCUSD,87967.0,87985.5,87894.0,87907.0,25279,2025-12-28 20:20:00+05:30
2025-12-28 20:25:00+05:30,BTCUSD,87907.0,87908.0,87880.0,87882.5,24845,2025-12-28 20:25:00+05:30
2025-12-28 20:30:00+05:30,BTCUSD,87881.5,87926.0,87828.0,87926.0,38627,2025-12-28 20:30:00+05:30
2025-12-28 20:35:00+05:30,BTCUSD,87925.0,87966.5,87905.0,87923.0,15662,2025-12-28 20:35:00+05:30
2025-12-28 20:40:00+05:30,BTCUSD,87923.0,87969.0,87922.0,87949.0,11121,2025-12-28 20:40:00+05:30
2025-12-28 20:45:00+05:30,BTCUSD,87949.0,87976.5,87949.0,87960.5,12737,2025-12-28 20:45:00+05:30
2025-12-28 20:50:00+05:30,BTCUSD,87959.5,87976.5,87910.5,87910.5,10985,2025-12-28 20:50:00+05:30
2025-12-28 20:55:00+05:30,BTCUSD,87910.5,87945.0,87910.5,87928.5,7127,2025-12-28 20:55:00+05:30
2025-12-28 21:00:00+05:30,BTCUSD,87928.5,87928.5,87875.5,87875.5,10729,2025-12-28 21:00:00+05:30
2025-12-28 21:05:00+05:30,BTCUSD,87875.5,87909.0,87867.5,87909.0,8749,2025-12-28 21:05:00+05:30
2025-12-28 21:10:00+05:30,BTCUSD,87909.0,87909.0,87888.0,87893.0,4768,2025-12-28 21:10:00+05:30
2025-12-28 21:15:00+05:30,BTCUSD,87893.0,87908.0,87892.0,87908.0,6682,2025-12-28 21:15:00+05:30
2025-12-28 21:20:00+05:30,BTCUSD,87907.0,87930.5,87822.0,87822.0,19843,2025-12-28 21:20:00+05:30
2025-12-28 21:25:00+05:30,BTCUSD,87821.0,87843.0,87788.5,87806.0,26782,2025-12-28 21:25:00+05:30
2025-12-28 21:30:00+05:30,BTCUSD,87806.0,87847.0,87794.5,87846.0,22648,2025-12-28 21:30:00+05:30
2025-12-28 21:35:00+05:30,BTCUSD,87847.0,87886.0,87830.0,87847.5,11799,2025-12-28 21:35:00+05:30
2025-12-28 21:40:00+05:30,BTCUSD,87847.5,87847.5,87820.5,87844.0,9805,2025-12-28 21:40:00+05:30
2025-12-28 21:45:00+05:30,BTCUSD,87843.0,87875.0,87843.0,87863.5,5844,2025-12-28 21:45:00+05:30
2025-12-28 21:50:00+05:30,BTCUSD,87864.0,87867.5,87736.5,87745.5,49670,2025-12-28 21:50:00+05:30
2025-12-28 21:55:00+05:30,BTCUSD,87745.5,87825.0,87711.0,87757.5,49413,2025-12-28 21:55:00+05:30
2025-12-28 22:00:00+05:30,BTCUSD,87756.5,87802.5,87756.5,87797.5,11574,2025-12-28 22:00:00+05:30
2025-12-28 22:05:00+05:30,BTCUSD,87796.5,87816.0,87779.5,87780.5,7440,2025-12-28 22:05:00+05:30
2025-12-28 22:10:00+05:30,BTCUSD,87779.5,87802.5,87773.5,87778.5,7134,2025-12-28 22:10:00+05:30
2025-12-28 22:15:00+05:30,BTCUSD,87778.5,87804.0,87778.5,87804.0,5507,2025-12-28 22:15:00+05:30
2025-12-28 22:20:00+05:30,BTCUSD,87803.0,87811.0,87803.0,87810.0,5546,2025-12-28 22:20:00+05:30
2025-12-28 22:25:00+05:30,BTCUSD,87810.0,87810.0,87783.5,87788.5,4988,2025-12-28 22:25:00+05:30
2025-12-28 22:30:00+05:30,BTCUSD,87788.5,87821.0,87788.5,87821.0,12376,2025-12-28 22:30:00+05:30
2025-12-28 22:35:00+05:30,BTCUSD,87821.0,87833.5,87804.5,87832.5,6517,2025-12-28 22:35:00+05:30
2025-12-28 22:40:00+05:30,BTCUSD,87832.5,87882.5,87832.5,87881.5,17450,2025-12-28 22:40:00+05:30
2025-12-28 22:45:00+05:30,BTCUSD,87881.5,87913.0,87868.5,87868.5,30831,2025-12-28 22:45:00+05:30
2025-12-28 22:50:00+05:30,BTCUSD,87868.5,87899.5,87858.5,87899.5,10803,2025-12-28 22:50:00+05:30
2025-12-28 22:55:00+05:30,BTCUSD,87899.5,87899.5,87864.0,87864.0,6302,2025-12-28 22:55:00+05:30
2025-12-28 23:00:00+05:30,BTCUSD,87865.0,87865.0,87794.0,87794.0,20289,2025-12-28 23:00:00+05:30
2025-12-28 23:05:00+05:30,BTCUSD,87794.0,87812.5,87792.0,87792.0,11412,2025-12-28 23:05:00+05:30
2025-12-28 23:10:00+05:30,BTCUSD,87792.0,87792.0,87791.0,87792.0,4678,2025-12-28 23:10:00+05:30
2025-12-28 23:15:00+05:30,BTCUSD,87791.5,87807.0,87778.5,87790.5,11240,2025-12-28 23:15:00+05:30
2025-12-28 23:20:00+05:30,BTCUSD,87790.0,87790.0,87763.5,87764.5,14187,2025-12-28 23:20:00+05:30
2025-12-28 23:25:00+05:30,BTCUSD,87764.5,87764.5,87732.5,87738.5,13023,2025-12-28 23:25:00+05:30
2025-12-28 23:30:00+05:30,BTCUSD,87738.5,87757.0,87594.0,87643.0,122116,2025-12-28 23:30:00+05:30
2025-12-28 23:35:00+05:30,BTCUSD,87644.0,87682.0,87639.0,87665.0,25999,2025-12-28 23:35:00+05:30
2025-12-28 23:40:00+05:30,BTCUSD,87664.0,87694.0,87651.0,87659.0,28831,2025-12-28 23:40:00+05:30
2025-12-28 23:45:00+05:30,BTCUSD,87658.0,87661.0,87486.0,87619.0,164664,2025-12-28 23:45:00+05:30
2025-12-28 23:50:00+05:30,BTCUSD,87620.0,87675.5,87607.0,87648.5,31116,2025-12-28 23:50:00+05:30
2025-12-28 23:55:00+05:30,BTCUSD,87647.5,87704.5,87647.5,87700.0,17485,2025-12-28 23:55:00+05:30
2025-12-29 00:00:00+05:30,BTCUSD,87699.0,87721.0,87674.5,87713.5,16196,2025-12-29 00:00:00+05:30
2025-12-29 00:05:00+05:30,BTCUSD,87713.5,87741.0,87698.5,87722.5,11564,2025-12-29 00:05:00+05:30
2025-12-29 00:10:00+05:30,BTCUSD,87722.5,87723.5,87688.5,87689.5,6782,2025-12-29 00:10:00+05:30
2025-12-29 00:15:00+05:30,BTCUSD,87685.5,87689.5,87585.5,87619.0,26328,2025-12-29 00:15:00+05:30
2025-12-29 00:20:00+05:30,BTCUSD,87619.0,87631.5,87510.0,87531.5,32173,2025-12-29 00:20:00+05:30
2025-12-29 00:25:00+05:30,BTCUSD,87530.0,87595.0,87529.5,87578.5,18973,2025-12-29 00:25:00+05:30
2025-12-29 00:30:00+05:30,BTCUSD,87579.5,87630.0,87511.0,87511.0,18934,2025-12-29 00:30:00+05:30
2025-12-29 00:35:00+05:30,BTCUSD,87512.0,87619.5,87498.5,87619.5,18786,2025-12-29 00:35:00+05:30
2025-12-29 00:40:00+05:30,BTCUSD,87620.0,87681.5,87620.0,87651.5,18392,2025-12-29 00:40:00+05:30
2025-12-29 00:45:00+05:30,BTCUSD,87652.5,87652.5,87608.0,87608.0,4327,2025-12-29 00:45:00+05:30
2025-12-29 00:50:00+05:30,BTCUSD,87608.0,87625.5,87497.0,87528.5,18893,2025-12-29 00:50:00+05:30
2025-12-29 00:55:00+05:30,BTCUSD,87528.5,87528.5,87486.0,87494.5,14528,2025-12-29 00:55:00+05:30
2025-12-29 01:00:00+05:30,BTCUSD,87493.5,87611.5,87493.5,87604.0,16860,2025-12-29 01:00:00+05:30
2025-12-29 01:05:00+05:30,BTCUSD,87604.0,87618.0,87592.5,87600.0,6785,2025-12-29 01:05:00+05:30
2025-12-29 01:10:00+05:30,BTCUSD,87600.0,87611.0,87568.0,87583.5,6939,2025-12-29 01:10:00+05:30
2025-12-29 01:15:00+05:30,BTCUSD,87580.0,87601.0,87563.5,87593.0,3693,2025-12-29 01:15:00+05:30
2025-12-29 01:20:00+05:30,BTCUSD,87592.0,87593.0,87552.5,87555.0,3561,2025-12-29 01:20:00+05:30
2025-12-29 01:25:00+05:30,BTCUSD,87552.5,87552.5,87495.0,87501.0,8309,2025-12-29 01:25:00+05:30
2025-12-29 01:30:00+05:30,BTCUSD,87498.0,87531.0,87470.0,87471.0,13722,2025-12-29 01:30:00+05:30
2025-12-29 01:35:00+05:30,BTCUSD,87470.0,87556.0,87423.0,87522.0,39006,2025-12-29 01:35:00+05:30
2025-12-29 01:40:00+05:30,BTCUSD,87522.0,87522.5,87469.5,87490.5,5898,2025-12-29 01:40:00+05:30
2025-12-29 01:45:00+05:30,BTCUSD,87490.5,87572.5,87490.5,87561.5,7183,2025-12-29 01:45:00+05:30
2025-12-29 01:50:00+05:30,BTCUSD,87561.5,87561.5,87539.0,87557.0,2000,2025-12-29 01:50:00+05:30
2025-12-29 01:55:00+05:30,BTCUSD,87557.0,87557.0,87535.0,87555.0,3758,2025-12-29 01:55:00+05:30
2025-12-29 02:00:00+05:30,BTCUSD,87555.0,87595.5,87554.0,87579.5,6567,2025-12-29 02:00:00+05:30
2025-12-29 02:05:00+05:30,BTCUSD,87582.5,87589.5,87574.5,87580.0,1074,2025-12-29 02:05:00+05:30
2025-12-29 02:10:00+05:30,BTCUSD,87580.0,87592.0,87579.0,87587.5,4195,2025-12-29 02:10:00+05:30
2025-12-29 02:15:00+05:30,BTCUSD,87586.5,87620.0,87558.5,87615.5,4195,2025-12-29 02:15:00+05:30
2025-12-29 02:20:00+05:30,BTCUSD,87615.5,87640.0,87548.5,87549.0,12573,2025-12-29 02:20:00+05:30
2025-12-29 02:25:00+05:30,BTCUSD,87549.0,87550.0,87486.5,87486.5,6868,2025-12-29 02:25:00+05:30
2025-12-29 02:30:00+05:30,BTCUSD,87487.5,87518.0,87464.0,87474.5,4869,2025-12-29 02:30:00+05:30
2025-12-29 02:35:00+05:30,BTCUSD,87470.0,87512.0,87413.5,87509.0,11341,2025-12-29 02:35:00+05:30
2025-12-29 02:40:00+05:30,BTCUSD,87509.0,87526.0,87470.5,87525.0,3131,2025-12-29 02:40:00+05:30
2025-12-29 02:45:00+05:30,BTCUSD,87537.0,87567.0,87536.0,87567.0,2129,2025-12-29 02:45:00+05:30
2025-12-29 05:30:00+05:30,BTCUSD,87929.5,87955.0,87797.0,87820.0,10562,2025-12-29 05:30:00+05:30
2025-12-29 05:35:00+05:30,BTCUSD,87846.5,87949.5,87819.0,87895.0,5690,2025-12-29 05:35:00+05:30
2025-12-29 05:40:00+05:30,BTCUSD,87895.0,87913.0,87847.0,87870.0,3163,2025-12-29 05:40:00+05:30
2025-12-29 05:45:00+05:30,BTCUSD,87861.5,87875.0,87811.0,87826.5,6229,2025-12-29 05:45:00+05:30
2025-12-29 05:50:00+05:30,BTCUSD,87825.5,88026.0,87787.0,87904.5,14354,2025-12-29 05:50:00+05:30
2025-12-29 05:55:00+05:30,BTCUSD,87903.5,88009.0,87903.5,87984.0,9054,2025-12-29 05:55:00+05:30
2025-12-29 06:00:00+05:30,BTCUSD,88000.0,88256.0,87977.5,88099.0,79375,2025-12-29 06:00:00+05:30
2025-12-29 06:05:00+05:30,BTCUSD,88114.0,88278.0,88101.0,88159.5,22094,2025-12-29 06:05:00+05:30
2025-12-29 06:10:00+05:30,BTCUSD,88161.5,88216.5,88136.5,88157.0,11398,2025-12-29 06:10:00+05:30
2025-12-29 06:15:00+05:30,BTCUSD,88152.5,88343.5,88119.0,88327.5,27954,2025-12-29 06:15:00+05:30
2025-12-29 06:20:00+05:30,BTCUSD,88327.5,88420.5,88167.0,88259.0,34158,2025-12-29 06:20:00+05:30
2025-12-29 06:25:00+05:30,BTCUSD,88268.5,88300.0,88208.5,88281.5,10384,2025-12-29 06:25:00+05:30
2025-12-29 06:30:00+05:30,BTCUSD,88265.0,88297.0,88041.5,88043.5,26189,2025-12-29 06:30:00+05:30
2025-12-29 06:35:00+05:30,BTCUSD,88050.0,88089.5,88017.5,88050.0,14424,2025-12-29 06:35:00+05:30
2025-12-29 06:40:00+05:30,BTCUSD,88060.5,88065.0,88031.0,88040.0,5316,2025-12-29 06:40:00+05:30
2025-12-29 06:45:00+05:30,BTCUSD,88040.0,88041.0,87837.0,88026.0,28860,2025-12-29 06:45:00+05:30
2025-12-29 06:50:00+05:30,BTCUSD,88018.5,88024.0,87952.5,87976.5,7965,2025-12-29 06:50:00+05:30
2025-12-29 06:55:00+05:30,BTCUSD,87972.5,88040.5,87947.5,87974.0,6902,2025-12-29 06:55:00+05:30
2025-12-29 07:00:00+05:30,BTCUSD,87975.0,88037.5,87921.5,88037.5,9533,2025-12-29 07:00:00+05:30
2025-12-29 07:05:00+05:30,BTCUSD,88037.5,88248.0,88009.5,88212.5,24100,2025-12-29 07:05:00+05:30
2025-12-29 07:10:00+05:30,BTCUSD,88212.0,88468.0,88212.0,88289.0,52227,2025-12-29 07:10:00+05:30
2025-12-29 07:15:00+05:30,BTCUSD,88289.5,88423.5,88289.5,88384.0,20630,2025-12-29 07:15:00+05:30
2025-12-29 07:20:00+05:30,BTCUSD,88380.5,88408.0,88300.0,88372.5,11734,2025-12-29 07:20:00+05:30
2025-12-29 07:25:00+05:30,BTCUSD,88374.0,88453.0,88362.5,88427.5,19662,2025-12-29 07:25:00+05:30
2025-12-29 07:30:00+05:30,BTCUSD,88428.5,88908.0,88428.5,88849.5,115287,2025-12-29 07:30:00+05:30
2025-12-29 07:35:00+05:30,BTCUSD,88850.5,89238.5,88849.5,89023.5,122717,2025-12-29 07:35:00+05:30
2025-12-29 07:40:00+05:30,BTCUSD,89023.5,89279.0,89008.5,89248.5,62924,2025-12-29 07:40:00+05:30
2025-12-29 07:45:00+05:30,BTCUSD,89248.5,89374.5,88916.5,89018.5,79130,2025-12-29 07:45:00+05:30
2025-12-29 07:50:00+05:30,BTCUSD,89016.5,89093.0,88876.5,88908.0,45699,2025-12-29 07:50:00+05:30
2025-12-29 07:55:00+05:30,BTCUSD,88908.0,89173.5,88908.0,89131.0,32139,2025-12-29 07:55:00+05:30
2025-12-29 08:00:00+05:30,BTCUSD,89131.0,89248.0,89022.5,89079.0,47584,2025-12-29 08:00:00+05:30
2025-12-29 08:05:00+05:30,BTCUSD,89076.5,89204.0,88985.0,88985.0,27379,2025-12-29 08:05:00+05:30
2025-12-29 08:10:00+05:30,BTCUSD,88983.5,89120.0,88979.5,89080.0,14213,2025-12-29 08:10:00+05:30
2025-12-29 08:15:00+05:30,BTCUSD,89084.5,89209.0,89060.5,89203.5,16101,2025-12-29 08:15:00+05:30
2025-12-29 08:20:00+05:30,BTCUSD,89199.5,89289.5,89199.5,89222.0,26858,2025-12-29 08:20:00+05:30
2025-12-29 08:25:00+05:30,BTCUSD,89222.0,89279.0,89137.5,89137.5,18191,2025-12-29 08:25:00+05:30
2025-12-29 08:30:00+05:30,BTCUSD,89137.5,89192.0,89072.5,89110.5,22790,2025-12-29 08:30:00+05:30
2025-12-29 08:35:00+05:30,BTCUSD,89109.5,89274.5,89109.5,89255.0,18194,2025-12-29 08:35:00+05:30
2025-12-29 08:40:00+05:30,BTCUSD,89256.0,89482.0,89256.0,89469.0,71668,2025-12-29 08:40:00+05:30
2025-12-29 08:45:00+05:30,BTCUSD,89469.5,89483.0,89413.5,89460.0,35887,2025-12-29 08:45:00+05:30
2025-12-29 08:50:00+05:30,BTCUSD,89459.0,89473.5,89334.5,89351.0,26017,2025-12-29 08:50:00+05:30
2025-12-29 08:55:00+05:30,BTCUSD,89352.0,89495.0,89351.0,89452.5,31089,2025-12-29 08:55:00+05:30
2025-12-29 09:00:00+05:30,BTCUSD,89465.0,89759.0,89465.0,89566.0,92269,2025-12-29 09:00:00+05:30
2025-12-29 09:05:00+05:30,BTCUSD,89567.5,89910.0,89566.5,89900.5,92515,2025-12-29 09:05:00+05:30
2025-12-29 09:10:00+05:30,BTCUSD,89900.5,90009.0,89809.5,89966.0,78364,2025-12-29 09:10:00+05:30
2025-12-29 09:15:00+05:30,BTCUSD,89966.0,90004.5,89842.5,89889.0,40735,2025-12-29 09:15:00+05:30
2025-12-29 09:20:00+05:30,BTCUSD,89889.0,90075.0,89883.5,90001.5,50609,2025-12-29 09:20:00+05:30
2025-12-29 09:25:00+05:30,BTCUSD,90001.5,90155.0,90001.5,90100.0,49023,2025-12-29 09:25:00+05:30
2025-12-29 09:30:00+05:30,BTCUSD,90094.5,90147.0,89913.0,89991.0,41806,2025-12-29 09:30:00+05:30
2025-12-29 09:35:00+05:30,BTCUSD,89991.0,90109.5,89984.0,90048.5,19605,2025-12-29 09:35:00+05:30
2025-12-29 09:40:00+05:30,BTCUSD,90048.5,90098.0,89976.5,90036.5,22928,2025-12-29 09:40:00+05:30
2025-12-29 09:45:00+05:30,BTCUSD,90035.5,90159.5,90026.0,90118.5,43646,2025-12-29 09:45:00+05:30
2025-12-29 09:50:00+05:30,BTCUSD,90119.5,90189.5,89955.5,89982.5,36292,2025-12-29 09:50:00+05:30
2025-12-29 09:55:00+05:30,BTCUSD,89982.5,90066.5,89972.5,90062.0,17894,2025-12-29 09:55:00+05:30
2025-12-29 10:00:00+05:30,BTCUSD,90061.0,90159.5,90025.5,90154.0,24046,2025-12-29 10:00:00+05:30
2025-12-29 10:05:00+05:30,BTCUSD,90155.0,90383.0,90148.5,90284.0,102376,2025-12-29 10:05:00+05:30
2025-12-29 10:10:00+05:30,BTCUSD,90284.0,90339.5,90175.5,90196.0,26993,2025-12-29 10:10:00+05:30
